법정동코드,법정동명,시도,시군구,위도,경도,가격점수,교통점수,교육점수,의료점수,공원점수,치안점수,평균거래가_억,종합점수_1인가구_대학생,종합점수_1인가구_직장인,종합점수_가족_자녀있음,종합점수_가족_노년
1111010100,서울특별시 종로구 청운동,서울특별시,종로구,37.5891974378627,126.969329763593,21.5,18.67,13.08,0.0,0.0,53.08,12.3,23.46,23.18,17.91,13.71
1111010200,서울특별시 종로구 신교동,서울특별시,종로구,37.5844902776102,126.967923271581,33.25,27.67,19.83,0.0,0.0,70.42,9.5,33.63,33.07,25.65,19.31
1111010800,서울특별시 종로구 통인동,서울특별시,종로구,37.5801444847071,126.97021199276,95.5,53.42,22.25,10.49,0.0,76.67,2.2,63.75,59.54,42.09,35.95
1111011100,서울특별시 종로구 옥인동,서울특별시,종로구,37.5835230926994,126.963385995622,12.5,27.33,21.67,10.49,26.94,58.0,15.5,27.11,28.59,25.44,23.45
1111011300,서울특별시 종로구 필운동,서울특별시,종로구,37.5778012532176,126.967749538039,17.5,54.42,39.92,0.0,0.0,79.33,13.4,37.59,41.28,34.66,21.96
1111011500,서울특별시 종로구 사직동,서울특별시,종로구,37.5754222287938,126.96631967084,7.67,46.33,56.58,10.49,17.0,71.17,18.3,33.55,37.42,39.02,26.36
1111011700,서울특별시 종로구 당주동,서울특별시,종로구,37.5715715163219,126.974000740278,42.5,90.5,38.08,36.27,0.0,62.83,8.0,53.78,58.58,46.24,39.45
1111011800,서울특별시 종로구 내수동,서울특별시,종로구,37.5733081682462,126.971962529742,6.5,80.0,41.92,27.1,26.94,60.67,19.8,40.55,47.9,41.41,35.04
1111012000,서울특별시 종로구 신문로1가,서울특별시,종로구,37.5701731498044,126.973901614206,40.17,82.58,41.92,44.54,26.94,67.75,8.4,55.27,59.51,50.53,47.52
1111012100,서울특별시 종로구 신문로2가,서울특별시,종로구,37.5706622933597,126.969722233416,0.33,50.08,45.17,24.35,26.94,65.17,43.1,31.84,36.81,37.23,31.0
1111012400,서울특별시 종로구 수송동,서울특별시,종로구,37.573677511354,126.980610942957,81.67,67.5,49.08,36.27,17.0,54.17,3.8,62.26,60.84,52.37,45.67
1111013300,서울특별시 종로구 익선동,서울특별시,종로구,37.5743345779563,126.989694095817,71.5,92.17,40.58,0.0,0.0,73.67,4.8,64.83,66.9,47.78,33.02
1111015700,서울특별시 종로구 인의동,서울특별시,종로구,37.572331192099,126.997668102599,34.0,69.83,27.83,0.0,0.0,59.83,9.4,42.72,46.3,32.9,22.45
1111016000,서울특별시 종로구 연지동,서울특별시,종로구,37.5737475791241,127.000131313214,98.0,76.08,20.75,20.97,26.94,57.0,1.6,69.5,67.31,46.73,44.62
1111016200,서울특별시 종로구 효제동,서울특별시,종로구,37.5725942661176,127.003056381131,96.83,92.67,14.83,31.46,0.0,65.67,2.0,72.51,72.09,47.44,45.39
1111016600,서울특별시 종로구 연건동,서울특별시,종로구,37.5786742164881,126.999669431165,97.17,66.25,24.0,24.35,0.0,53.08,1.9,63.61,60.51,43.33,38.88
1111016700,서울특별시 종로구 충신동,서울특별시,종로구,37.5749475538098,127.00595899872,70.67,57.25,22.75,16.62,0.0,77.0,4.9,56.42,55.07,40.06,34.83
1111016800,서울특별시 종로구 동숭동,서울특별시,종로구,37.5813770980376,127.004872670199,84.67,85.0,42.83,34.83,17.0,67.75,3.5,70.02,70.05,55.39,49.1
1111016900,서울특별시 종로구 혜화동,서울특별시,종로구,37.5868624440017,127.00060686405,44.67,60.75,47.17,39.92,0.0,79.67,7.8,51.11,52.72,47.9,41.06
1111017000,서울특별시 종로구 명륜1가,서울특별시,종로구,37.5891076921368,126.997468304522,62.75,40.5,36.75,29.44,17.0,84.5,5.6,54.0,51.77,45.3,41.68
1111017100,서울특별시 종로구 명륜2가,서울특별시,종로구,37.5846964544009,126.999030857136,27.5,72.0,37.42,31.46,0.0,70.42,10.6,45.15,49.6,41.43,34.77
1111017400,서울특별시 종로구 창신동,서울특별시,종로구,37.5752245135612,127.012828195947,50.33,70.83,29.25,57.24,34.0,85.75,7.1,60.2,62.25,51.8,55.79
1111017500,서울특별시 종로구 숭인동,서울특별시,종로구,37.5745280159936,127.019597569646,63.58,73.92,60.33,53.34,26.94,88.5,5.5,66.81,67.84,62.69,57.28
1111017700,서울특별시 종로구 평동,서울특별시,종로구,37.5678972658595,126.966843743393,5.67,89.58,50.58,31.46,0.0,61.92,20.9,40.87,49.26,43.47,32.64
1111017900,서울특별시 종로구 홍파동,서울특별시,종로구,37.5711327985696,126.963967103183,4.5,46.75,56.25,31.46,0.0,73.67,22.4,32.38,36.61,40.33,30.22
1111018000,서울특별시 종로구 교북동,서울특별시,종로구,37.5717842659119,126.96127267528,29.83,67.25,51.08,24.35,0.0,74.58,9.9,45.94,49.68,44.73,33.46
1111018100,서울특별시 종로구 행촌동,서울특별시,종로구,37.5733270930884,126.962272567935,86.42,69.33,54.75,16.62,17.0,69.0,3.3,66.65,64.94,54.33,42.2
1111018200,서울특별시 종로구 구기동,서울특별시,종로구,37.6193739703883,126.959299756836,64.0,10.5,2.33,27.1,0.0,45.33,5.5,35.56,30.21,22.74,27.05
1111018300,서울특별시 종로구 평창동,서울특별시,종로구,37.6063916960375,126.968357810931,24.5,7.0,25.0,34.83,47.72,48.67,11.3,27.82,26.07,29.52,34.66
1111018400,서울특별시 종로구 부암동,서울특별시,종로구,37.5924142953536,126.964061015983,56.17,17.33,11.25,16.62,17.0,55.5,6.2,38.19,34.3,26.92,28.26
1111018600,서울특별시 종로구 신영동,서울특별시,종로구,37.6025046922757,126.961818449159,68.0,11.83,27.33,10.49,0.0,55.5,5.1,39.75,34.13,30.07,24.75
1111018700,서울특별시 종로구 무악동,서울특별시,종로구,37.5759854736853,126.958245677349,18.5,95.67,44.42,27.1,34.0,59.42,13.1,49.25,56.97,46.83,39.76
1114011200,서울특별시 중구 남창동,서울특별시,중구,37.5576969045757,126.977559311953,87.83,97.92,24.67,42.86,0.0,84.67,3.0,75.53,76.54,54.39,51.9
1114011800,서울특별시 중구 남대문로5가,서울특별시,중구,37.5575773074592,126.97429533532,4.83,84.83,23.33,49.29,17.0,70.0,22.2,42.23,50.23,40.04,41.53
1114012100,서울특별시 중구 회현동1가,서울특별시,중구,37.555589207029,126.981204133005,9.17,66.83,24.0,36.27,0.0,77.83,17.4,38.5,44.26,35.72,33.63
1114012200,서울특별시 중구 회현동2가,서울특별시,중구,37.5587537703495,126.982919122029,4.67,72.0,20.42,16.62,0.0,84.0,22.2,38.29,45.02,32.72,27.34
1114012900,서울특별시 중구 남산동2가,서울특별시,중구,37.5584190512111,126.986396022059,55.33,84.0,19.33,0.0,0.0,66.0,6.4,54.53,57.4,36.6,27.57
1114013200,서울특별시 중구 충무로4가,서울특별시,중구,37.5622651534103,126.994327234401,23.67,99.67,27.83,29.44,0.0,66.42,11.7,49.35,56.95,41.23,35.18
1114013300,서울특별시 중구 충무로5가,서울특별시,중구,37.5631302462414,126.99982795883,92.58,63.83,13.58,27.1,17.0,80.83,2.7,68.26,65.39,45.42,45.96
1114013400,서울특별시 중구 인현동2가,서울특별시,중구,37.5642041704527,126.996124490655,71.92,77.0,28.5,0.0,0.0,74.17,4.8,60.68,61.19,42.01,31.04
1114013600,서울특별시 중구 묵정동,서울특별시,중구,37.5614543921106,127.000371238419,55.83,59.92,13.08,16.62,0.0,82.67,6.2,52.54,52.95,36.18,33.24
1114013900,서울특별시 중구 필동3가,서울특별시,중구,37.5584990846545,126.997003047238,35.67,70.83,16.08,10.49,0.0,66.42,9.0,44.8,48.32,32.34,26.87
1114014200,서울특별시 중구 예장동,서울특별시,중구,37.5552118678546,126.990086044965,56.58,41.58,13.83,0.0,0.0,48.5,6.2,40.59,39.09,26.15,20.61
1114014300,서울특별시 중구 장충동1가,서울특별시,중구,37.5606540803158,127.007325089464,0.83,86.83,31.5,20.97,0.0,89.5,35.0,42.52,51.12,39.17,31.15
1114014400,서울특별시 중구 장충동2가,서울특별시,중구,37.5550176670286,127.000602078813,99.0,49.58,24.0,10.49,0.0,56.17,1.2,60.0,55.06,39.49,33.1
1114015100,서울특별시 중구 을지로5가,서울특별시,중구,37.5666080666785,127.002431326396,48.0,69.5,16.75,16.62,17.0,74.17,7.3,52.38,54.53,37.97,35.33
1114015400,서울특별시 중구 오장동,서울특별시,중구,37.56491061309,127.000692708562,95.0,77.67,16.75,0.0,0.0,77.17,2.3,68.94,67.21,42.5,34.43
1114015600,서울특별시 중구 입정동,서울특별시,중구,37.5678115982331,126.992728541874,31.5,94.25,45.17,0.0,0.0,74.17,9.7,51.68,57.96,43.54,27.53
1114016200,서울특별시 중구 신당동,서울특별시,중구,37.5620157313143,127.014442188261,22.83,92.67,52.33,74.31,43.94,94.83,11.9,60.85,67.83,62.79,64.33
1114016300,서울특별시 중구 흥인동,서울특별시,중구,37.5672917152732,127.016358403205,43.67,93.58,59.33,33.24,0.0,89.33,7.9,61.17,66.16,56.77,43.91
1114016500,서울특별시 중구 황학동,서울특별시,중구,37.5674999372117,127.021415848975,39.67,74.67,62.67,51.95,17.0,80.08,8.4,56.0,59.5,57.46,50.15
1114016700,서울특별시 중구 정동,서울특별시,중구,37.5665870147751,126.973133171996,78.83,73.92,33.92,0.0,34.0,63.0,4.1,63.77,63.28,45.94,37.16
1114016800,서울특별시 중구 순화동,서울특별시,중구,37.5625571795009,126.970694369794,27.0,59.92,26.75,24.35,26.94,65.33,10.8,42.74,46.04,37.21,35.09
1114017100,서울특별시 중구 중림동,서울특별시,중구,37.559168225382,126.966182119336,16.83,88.75,34.75,42.86,0.0,83.33,13.7,48.62,55.82,45.19,40.64
1114017300,서울특별시 중구 만리동1가,서울특별시,중구,37.5561628100869,126.967288060049,15.17,74.25,32.5,0.0,0.0,88.83,14.2,43.26,49.17,36.49,24.65
1114017400,서울특별시 중구 만리동2가,서울특별시,중구,37.5545760844189,126.963956968884,10.17,56.17,53.42,24.35,39.47,95.0,16.5,44.44,49.04,47.83,40.48
1117010100,서울특별시 용산구 후암동,서울특별시,용산구,37.5486798277286,126.978150463736,26.17,44.08,29.83,44.54,26.94,96.17,10.9,45.83,47.62,43.29,45.23
1117010200,서울특별시 용산구 용산동2가,서울특별시,용산구,37.5419195197563,126.982945593811,34.5,35.67,22.75,31.46,0.0,78.92,9.3,39.49,39.6,33.91,32.73
1117010400,서울특별시 용산구 갈월동,서울특별시,용산구,37.5467756584412,126.972162579372,71.17,91.08,37.83,49.86,0.0,92.0,4.8,70.46,72.46,56.97,52.93
1117010700,서울특별시 용산구 동자동,서울특별시,용산구,37.5520519606976,126.972396006945,7.17,86.5,35.67,29.44,34.0,86.33,19.0,48.06,55.99,45.52,41.56
1117010800,서울특별시 용산구 서계동,서울특별시,용산구,37.552965989869,126.966999743181,77.58,88.17,38.75,34.83,26.94,87.92,4.3,73.15,74.21,57.59,53.16
1117010900,서울특별시 용산구 청파동1가,서울특별시,용산구,37.548767465152,126.967458773793,36.33,59.33,50.17,10.49,0.0,93.42,8.9,49.26,51.56,44.99,31.58
1117011100,서울특별시 용산구 청파동3가,서울특별시,용산구,37.543246007914,126.966972344614,37.33,62.33,47.17,31.46,17.0,93.83,8.8,53.05,55.55,49.59,42.68
1117011200,서울특별시 용산구 원효로1가,서울특별시,용산구,37.5396132026478,126.967064466585,13.33,72.83,39.92,36.27,0.0,90.33,15.0,44.75,50.7,43.89,37.52
1117011300,서울특별시 용산구 원효로2가,서울특별시,용산구,37.5362892108964,126.963323111963,50.17,82.08,41.92,34.83,0.0,87.67,7.1,59.45,62.64,50.79,43.17
1117011400,서울특별시 용산구 신창동,서울특별시,용산구,37.5357673358179,126.954946215115,25.42,44.08,63.25,10.49,17.0,89.92,11.1,43.29,45.15,46.16,31.94
1117011500,서울특별시 용산구 산천동,서울특별시,용산구,37.5354165057958,126.951801048783,21.17,43.25,64.25,24.35,0.0,78.92,12.3,38.44,40.64,44.43,31.07
1117011600,서울특별시 용산구 청암동,서울특별시,용산구,37.5344808673194,126.946678596744,3.17,52.0,62.25,0.0,0.0,52.83,26.0,27.79,32.67,34.88,16.71
1117011700,서울특별시 용산구 원효로3가,서울특별시,용산구,37.5343051059798,126.95763533429,67.42,46.08,58.83,10.49,17.0,89.92,5.1,58.27,56.13,51.44,38.22
1117011800,서울특별시 용산구 원효로4가,서울특별시,용산구,37.532251690375,126.950590243026,9.67,33.25,48.25,10.49,0.0,52.17,17.0,25.07,27.43,30.31,18.69
1117011900,서울특별시 용산구 효창동,서울특별시,용산구,37.5424588083349,126.9618988792,13.17,75.33,65.08,37.59,47.72,94.0,15.2,52.15,58.36,57.31,49.56
1117012000,서울특별시 용산구 도원동,서울특별시,용산구,37.5381208172628,126.955125834612,16.33,53.17,72.33,16.62,17.0,92.33,13.9,43.62,47.31,50.17,34.45
1117012100,서울특별시 용산구 용문동,서울특별시,용산구,37.5377008640148,126.959891817892,18.25,91.33,64.75,34.83,0.0,95.17,13.1,53.23,60.54,55.36,41.57
1117012200,서울특별시 용산구 문배동,서울특별시,용산구,37.5371018437132,126.969405422634,17.83,67.67,35.67,0.0,39.47,73.33,13.2,43.55,48.54,38.47,30.12
1117012300,서울특별시 용산구 신계동,서울특별시,용산구,37.5358253064499,126.966740278708,6.33,59.67,35.67,0.0,17.0,81.5,19.9,36.92,42.25,34.53,24.33
1117012400,서울특별시 용산구 한강로1가,서울특별시,용산구,37.5339780623762,126.973054361529,8.0,98.67,22.75,29.44,17.0,59.0,18.0,43.58,52.64,37.79,34.76
1117012500,서울특별시 용산구 한강로2가,서울특별시,용산구,37.5315623013376,126.968683607087,2.17,85.33,21.08,60.34,17.0,59.67,28.3,39.8,48.11,39.15,43.38
1117012700,서울특별시 용산구 용산동5가,서울특별시,용산구,37.526143245049,126.974364951898,1.17,68.83,27.33,16.62,26.94,44.67,34.0,31.44,38.21,30.59,26.33
1117012800,서울특별시 용산구 한강로3가,서울특별시,용산구,37.5276608637792,126.962182447512,1.67,77.33,19.83,48.07,26.94,49.5,30.9,35.91,43.47,35.13,38.61
1117012900,서울특별시 용산구 이촌동,서울특별시,용산구,37.5141954312249,126.972097769518,3.83,32.17,33.92,57.24,58.81,41.67,24.2,28.16,30.99,36.29,43.53
1117013000,서울특별시 용산구 이태원동,서울특별시,용산구,37.5402662116134,126.991527297365,4.0,43.83,13.08,49.29,43.94,87.92,23.5,37.45,41.44,36.07,44.86
1117013100,서울특별시 용산구 한남동,서울특별시,용산구,37.5346298557798,127.000552132438,1.0,55.75,15.17,54.21,34.0,90.67,34.8,39.29,44.77,38.2,45.86
1117013200,서울특별시 용산구 동빙고동,서울특별시,용산구,37.5244123976895,126.995112936884,5.33,38.58,18.5,0.0,0.0,69.17,21.7,26.27,29.59,22.51,15.96
1117013300,서울특별시 용산구 서빙고동,서울특별시,용산구,37.5204623812775,126.994638088433,1.5,53.42,17.67,0.0,0.0,58.17,33.5,26.4,31.59,22.26,15.18
1117013400,서울특별시 용산구 주성동,서울특별시,용산구,37.5215725360091,126.999221719448,0.67,30.58,17.67,0.0,0.0,55.83,36.5,19.93,22.92,18.36,12.42
1117013600,서울특별시 용산구 보광동,서울특별시,용산구,37.5262721673188,127.000171956489,2.67,36.58,18.92,34.83,0.0,85.5,26.8,29.87,33.26,29.61,30.02
1120010100,서울특별시 성동구 상왕십리동,서울특별시,성동구,37.5684327095862,127.024784739728,11.67,50.42,67.83,33.24,26.94,80.58,15.7,40.55,44.43,49.43,39.29
1120010200,서울특별시 성동구 하왕십리동,서울특별시,성동구,37.5619122139369,127.028703243306,17.17,82.58,90.83,60.34,53.89,94.5,13.6,58.5,65.04,70.83,61.45
1120010300,서울특별시 성동구 홍익동,서울특별시,성동구,37.5663550219259,127.032213833438,47.42,78.5,79.0,27.1,17.0,93.08,7.4,61.84,64.95,62.32,45.76
1120010400,서울특별시 성동구 도선동,서울특별시,성동구,37.5637958263853,127.033530216268,28.5,72.83,88.67,53.34,0.0,95.83,10.2,54.45,58.88,64.18,49.04
1120010500,서울특별시 성동구 마장동,서울특별시,성동구,37.566379547987,127.045325760782,39.33,91.58,37.0,44.54,39.47,78.25,8.5,60.33,65.56,53.1,52.13
1120010600,서울특별시 성동구 사근동,서울특별시,성동구,37.5614997515694,127.045327331714,56.33,61.17,37.42,10.49,17.0,85.33,6.2,56.17,56.65,44.92,36.31
1120010700,서울특별시 성동구 행당동,서울특별시,성동구,37.558305907888,127.037031736958,15.5,74.25,77.83,67.02,43.94,89.67,14.1,53.56,59.43,64.71,59.34
1120010800,서울특별시 성동구 응봉동,서울특별시,성동구,37.553160488276,127.033416807797,19.67,78.67,83.58,31.46,34.0,79.17,12.7,51.54,57.44,59.82,44.68
1120010900,서울특별시 성동구 금호동1가,서울특별시,성동구,37.5548857249068,127.02279294328,14.58,91.58,87.17,43.72,0.0,75.5,14.4,49.64,57.34,59.96,42.33
1120011000,서울특별시 성동구 금호동2가,서울특별시,성동구,37.5529940659194,127.020406751011,11.83,95.33,83.17,39.92,26.94,85.75,15.6,53.97,62.32,62.57,47.69
1120011100,서울특별시 성동구 금호동3가,서울특별시,성동구,37.5499307132639,127.020166005976,20.83,66.83,73.0,45.32,26.94,93.08,12.4,51.22,55.82,58.5,48.67
1120011200,서울특별시 성동구 금호동4가,서울특별시,성동구,37.5447325755772,127.026161935006,10.83,38.0,55.58,52.89,26.94,62.33,16.3,33.87,36.59,43.98,41.45
1120011300,서울특별시 성동구 옥수동,서울특별시,성동구,37.5435886378543,127.013438338877,7.33,69.83,49.83,55.8,26.94,75.5,18.7,43.1,49.35,48.91,46.82
1120011400,서울특별시 성동구 성수동1가,서울특별시,성동구,37.5417253860375,127.043351028535,3.67,88.17,33.17,61.42,39.47,61.92,24.4,44.39,52.84,46.18,49.7
1120011500,서울특별시 성동구 성수동2가,서울특별시,성동구,37.5409627375214,127.057019282187,7.5,67.92,35.67,65.51,51.0,83.0,18.4,46.36,52.41,49.39,55.28
1120011800,서울특별시 성동구 송정동,서울특별시,성동구,37.5545322586259,127.069569072089,32.5,36.25,28.5,27.1,26.94,88.5,9.6,43.61,43.99,38.9,38.07
1120012200,서울특별시 성동구 용답동,서울특별시,성동구,37.5640758244216,127.055579052769,31.17,70.17,40.58,48.69,17.0,93.67,9.8,53.35,57.25,50.43,48.21
1121510100,서울특별시 광진구 중곡동,서울특별시,광진구,37.5617477458583,127.090401426965,73.42,42.08,61.75,74.64,47.72,63.42,4.6,60.49,57.36,61.33,63.49
1121510200,서울특별시 광진구 능동,서울특별시,광진구,37.5537792609497,127.080536887135,55.17,72.0,61.75,46.05,26.94,71.33,6.4,59.66,61.34,57.9,50.77
1121510300,서울특별시 광진구 구의동,서울특별시,광진구,37.5502741239801,127.093135225891,16.5,74.67,73.83,73.86,60.94,68.33,13.8,51.59,57.4,63.25,61.92
1121510400,서울특별시 광진구 광장동,서울특별시,광진구,37.5468565308903,127.103025712709,11.33,95.17,73.58,53.78,26.94,63.42,16.1,49.5,57.89,58.32,48.62
1121510500,서울특별시 광진구 자양동,서울특별시,광진구,37.5311077958687,127.073018338792,15.0,54.42,71.5,78.55,68.0,57.75,14.3,44.71,48.65,59.11,61.02
1121510700,서울특별시 광진구 화양동,서울특별시,광진구,37.5464762611363,127.071367614735,83.83,78.17,32.5,61.68,43.94,75.83,3.5,73.15,72.59,59.07,63.77
1121510900,서울특별시 광진구 군자동,서울특별시,광진구,37.5554765598173,127.075350846159,36.83,68.83,45.83,55.03,26.94,86.08,8.9,55.05,58.25,53.46,52.26
1123010100,서울특별시 동대문구 신설동,서울특별시,동대문구,37.574962961668,127.025538570996,63.25,97.33,67.83,45.32,17.0,64.5,5.5,66.73,70.14,62.61,51.55
1123010200,서울특별시 동대문구 용두동,서울특별시,동대문구,37.575418648042,127.033598820976,30.83,79.67,51.58,60.34,53.89,56.5,9.8,52.99,57.88,54.96,55.54
1123010300,서울특별시 동대문구 제기동,서울특별시,동대문구,37.5831154639891,127.037818414722,52.0,49.25,39.42,65.51,26.94,67.0,6.8,51.85,51.58,49.58,53.06
1123010400,서울특별시 동대문구 전농동,서울특별시,동대문구,37.5793286114285,127.053978285554,26.5,55.08,78.58,66.47,43.94,68.0,10.9,48.29,51.15,60.38,55.66
1123010500,서울특별시 동대문구 답십리동,서울특별시,동대문구,37.5690668295006,127.056655839753,33.83,66.25,74.17,69.36,56.47,86.08,9.4,58.44,61.68,66.23,63.89
1123010600,서울특별시 동대문구 장안동,서울특별시,동대문구,37.5696967138505,127.071439570463,49.0,27.5,87.75,75.69,66.41,64.5,7.2,51.74,49.59,65.47,63.94
1123010700,서울특별시 동대문구 청량리동,서울특별시,동대문구,37.5830468218369,127.048170770368,33.0,80.92,52.33,59.48,26.94,59.42,9.5,51.95,56.74,53.32,50.78
1123010800,서울특별시 동대문구 회기동,서울특별시,동대문구,37.5907885967281,127.05537245757,59.5,86.5,48.25,40.96,17.0,78.5,5.9,64.31,67.01,55.99,49.5
1123010900,서울특별시 동대문구 휘경동,서울특별시,동대문구,37.5908553624267,127.065730507228,45.92,48.17,52.33,54.62,47.72,54.17,7.6,49.07,49.29,50.9,51.11
1123011000,서울특별시 동대문구 이문동,서울특별시,동대문구,37.6004055110661,127.066373060068,43.5,95.0,54.25,65.51,17.0,57.75,7.9,58.21,63.36,57.24,53.73
1126010100,서울특별시 중랑구 면목동,서울특별시,중랑구,37.5803715762429,127.087661590766,46.33,99.83,55.58,80.15,75.81,94.67,7.6,74.47,79.82,72.4,77.13
1126010200,서울특별시 중랑구 상봉동,서울특별시,중랑구,37.5967688195518,127.088754299651,61.5,84.0,63.5,67.56,39.47,87.0,5.8,70.42,72.68,68.01,65.39
1126010300,서울특별시 중랑구 중화동,서울특별시,중랑구,37.599461816745,127.077320262185,57.83,71.5,47.17,62.91,47.72,90.83,6.1,66.56,67.92,61.38,63.37
1126010400,서울특별시 중랑구 묵동,서울특별시,중랑구,37.6123807746797,127.079182031593,50.0,89.58,43.42,62.91,53.89,82.83,7.1,67.17,71.12,61.21,63.85
1126010500,서울특별시 중랑구 망우동,서울특별시,중랑구,37.5955130359783,127.103962394815,57.5,26.83,39.92,69.96,56.47,64.17,6.2,50.81,47.74,50.39,58.71
1126010600,서울특별시 중랑구 신내동,서울특별시,중랑구,37.6058747809885,127.09936528756,62.75,36.58,80.83,63.15,58.81,61.5,5.6,56.49,53.87,63.73,60.2
1129010100,서울특별시 성북구 성북동,서울특별시,성북구,37.5910466093958,127.003274531869,96.33,72.5,77.17,20.97,34.0,85.17,2.1,77.18,74.8,67.8,52.47
1129010200,서울특별시 성북구 성북동1가,서울특별시,성북구,37.5895149125503,127.003614139532,60.17,88.5,80.42,33.24,0.0,88.5,5.9,66.57,69.4,64.69,46.81
1129010300,서울특별시 성북구 돈암동,서울특별시,성북구,37.5962791991147,127.00991034218,45.0,41.25,91.58,47.43,39.47,62.67,7.7,49.49,49.12,60.87,49.35
1129010700,서울특별시 성북구 동소문동4가,서울특별시,성북구,37.591759761125,127.01063893326,54.17,58.08,89.08,27.1,0.0,73.67,6.6,54.02,54.41,58.68,38.92
1129010800,서울특별시 성북구 동소문동5가,서울특별시,성북구,37.5916367047085,127.01537185184,53.17,97.0,92.5,40.96,0.0,76.42,6.7,64.82,69.2,67.88,48.1
1129010900,서울특별시 성북구 동소문동6가,서울특별시,성북구,37.5933415527603,127.01399531696,93.67,87.75,91.58,50.41,0.0,74.83,2.6,76.79,76.2,73.47,56.27
1129011000,서울특별시 성북구 동소문동7가,서울특별시,성북구,37.5963292176216,127.014190641129,41.5,64.5,94.0,10.49,0.0,73.08,8.1,50.49,52.79,56.64,32.01
1129011200,서울특별시 성북구 삼선동2가,서울특별시,성북구,37.5833696420008,127.011439305713,40.0,58.83,69.42,16.62,0.0,69.83,8.4,46.98,48.86,48.62,31.65
1129011300,서울특별시 성북구 삼선동3가,서울특별시,성북구,37.586508530236,127.013092803419,23.0,52.33,85.5,0.0,17.0,76.42,11.8,42.39,45.32,50.11,27.82
1129011400,서울특별시 성북구 삼선동4가,서울특별시,성북구,37.5903502910639,127.013723013975,43.92,76.58,90.67,16.62,0.0,76.0,7.9,55.08,58.35,59.17,36.0
1129011500,서울특별시 성북구 삼선동5가,서울특별시,성북구,37.5885336236904,127.015851281018,70.5,65.25,89.08,33.24,0.0,71.0,4.9,61.3,60.78,62.72,43.84
1129011600,서울특별시 성북구 동선동1가,서울특별시,성북구,37.5923102427411,127.018211777612,44.17,97.92,91.08,43.72,0.0,81.17,7.8,62.91,68.29,67.37,48.45
1129011900,서울특별시 성북구 동선동4가,서울특별시,성북구,37.5952221822841,127.018633716126,58.33,81.33,90.33,44.54,0.0,81.67,6.0,63.83,66.13,66.98,49.24
1129012000,서울특별시 성북구 동선동5가,서울특별시,성북구,37.5959288284835,127.016844785039,81.17,77.17,92.67,20.97,0.0,81.33,3.9,69.65,69.25,66.9,44.06
1129012100,서울특별시 성북구 안암동1가,서울특별시,성북구,37.5883885968465,127.021358427439,39.5,75.17,70.0,0.0,0.0,72.33,8.5,50.58,54.15,49.05,27.79
1129012300,서울특별시 성북구 안암동3가,서울특별시,성북구,37.583533676855,127.023313410414,75.0,70.83,50.58,0.0,0.0,79.5,4.5,62.39,61.97,48.97,32.79
1129012400,서울특별시 성북구 안암동4가,서울특별시,성북구,37.58070068194,127.024648423554,94.17,55.42,48.67,10.49,0.0,85.0,2.5,66.77,62.9,51.36,38.52
1129012600,서울특별시 성북구 보문동4가,서울특별시,성북구,37.5828961453853,127.021347801017,34.33,78.83,58.83,24.35,0.0,80.58,9.3,52.0,56.45,50.36,36.58
1129012800,서울특별시 성북구 보문동6가,서울특별시,성북구,37.5803846015945,127.018842854522,32.83,79.08,45.83,0.0,26.94,90.5,9.5,54.35,58.97,46.8,34.09
1129012900,서울특별시 성북구 보문동7가,서울특별시,성북구,37.5798181272129,127.022551479065,53.83,61.83,49.42,16.62,17.0,91.67,6.6,57.63,58.43,50.12,39.7
1129013000,서울특별시 성북구 보문동1가,서울특별시,성북구,37.5864896015958,127.019645993321,24.67,99.0,70.17,27.1,0.0,77.58,11.3,53.76,61.2,55.3,38.23
1129013100,서울특별시 성북구 보문동2가,서울특별시,성북구,37.5857474136521,127.018210178625,88.67,98.42,71.5,24.35,0.0,75.5,3.0,75.53,76.51,64.49,46.56
1129013200,서울특별시 성북구 보문동3가,서울특별시,성북구,37.58388803571,127.016352976758,33.67,78.17,65.33,0.0,17.0,69.5,9.4,50.19,54.64,48.5,29.96
1129013300,서울특별시 성북구 정릉동,서울특별시,성북구,37.618580825547,126.995482832879,57.0,22.0,11.25,64.9,47.72,52.0,6.2,44.43,40.93,37.53,51.37
1129013400,서울특별시 성북구 길음동,서울특별시,성북구,37.6076658267473,127.023343590916,29.25,61.0,95.33,65.51,60.94,65.0,10.1,52.62,55.8,67.81,60.12
1129013500,서울특별시 성북구 종암동,서울특별시,성북구,37.5990602270306,127.035212918853,41.0,46.5,76.25,60.34,43.94,78.25,8.3,52.85,53.4,61.18,56.26
1129013600,서울특별시 성북구 하월곡동,서울특별시,성북구,37.6075035036308,127.037812638789,43.08,42.75,86.67,63.38,43.94,77.58,8.0,53.18,53.14,64.41,57.68
1129013700,서울특별시 성북구 상월곡동,서울특별시,성북구,37.6069133345458,127.045527017386,52.67,85.75,58.08,29.44,26.94,73.08,6.7,61.56,64.87,56.26,46.03
1129013800,서울특별시 성북구 장위동,서울특별시,성북구,37.6170568426302,127.04956549458,33.25,31.83,55.58,57.92,34.0,91.33,9.5,46.94,46.79,52.22,51.72
1129013900,서울특별시 성북구 석관동,서울특별시,성북구,37.6129860183721,127.0614007785,41.25,64.92,55.58,57.24,47.72,94.33,8.2,59.95,62.31,60.11,59.19
1130510100,서울특별시 강북구 미아동,서울특별시,강북구,37.6270831294021,127.027060776679,49.67,99.17,41.17,82.91,60.94,48.08,7.2,64.09,69.04,60.42,67.84
1130510200,서울특별시 강북구 번동,서울특별시,강북구,37.6241057350223,127.04133717608,69.67,21.0,53.83,67.38,26.94,48.08,5.0,48.0,43.14,49.76,51.42
1130510300,서울특별시 강북구 수유동,서울특별시,강북구,37.6424621841481,127.022094520762,78.17,62.0,54.75,75.39,17.0,48.08,4.2,60.68,59.07,57.67,57.66
1130510400,서울특별시 강북구 우이동,서울특별시,강북구,37.6630390800112,127.001890452891,69.33,31.5,2.33,31.46,17.0,48.08,5.0,45.15,41.36,29.45,35.29
1132010500,서울특별시 도봉구 쌍문동,서울특별시,도봉구,37.6513191127046,127.029190894368,75.5,52.75,85.08,67.73,47.72,98.83,4.4,71.79,69.52,74.52,68.93
1132010600,서울특별시 도봉구 방학동,서울특별시,도봉구,37.6658975489539,127.026875382235,68.17,22.33,59.5,70.11,58.81,92.5,5.1,60.3,55.72,61.7,65.61
1132010700,서울특별시 도봉구 창동,서울특별시,도봉구,37.6522582058479,127.045432300312,55.67,91.08,80.83,76.39,76.9,97.5,6.3,77.31,80.85,80.04,78.24
1132010800,서울특별시 도봉구 도봉동,서울특별시,도봉구,37.6873960128038,127.021495626589,68.5,12.0,2.33,56.18,60.94,53.5,5.0,46.69,41.04,35.32,51.47
1135010200,서울특별시 노원구 월계동,서울특별시,노원구,37.6199191869583,127.062987742987,52.83,66.5,47.17,65.51,26.94,92.17,6.7,61.88,63.24,58.4,59.08
1135010300,서울특별시 노원구 공릉동,서울특별시,노원구,37.6248431089168,127.073821318894,59.92,98.83,69.42,71.78,0.0,99.5,5.9,72.64,76.53,70.33,62.39
1135010400,서울특별시 노원구 하계동,서울특별시,노원구,37.6404885286243,127.072685646642,54.42,48.42,85.83,49.86,0.0,92.67,6.5,56.47,55.87,62.55,48.65
1135010500,서울특별시 노원구 상계동,서울특별시,노원구,37.6612505755399,127.060252770712,62.17,62.33,93.17,91.19,17.0,78.67,5.6,63.99,64.01,73.81,67.33
1135010600,서울특별시 노원구 중계동,서울특별시,노원구,37.6525550467646,127.077488598779,50.92,31.0,99.67,74.86,17.0,91.17,7.0,54.23,52.24,68.79,59.0
1138010100,서울특별시 은평구 수색동,서울특별시,은평구,37.5835205431622,126.893690338772,30.0,76.58,33.92,39.92,0.0,49.0,9.9,43.14,47.8,39.5,35.18
1138010200,서울특별시 은평구 녹번동,서울특별시,은평구,37.602216160965,126.929919982801,33.5,57.25,65.83,55.42,60.94,95.5,9.5,57.29,59.67,62.09,59.95
1138010300,서울특별시 은평구 불광동,서울특별시,은평구,37.617652326817,126.937059476367,45.33,74.67,31.5,71.38,62.9,46.67,7.7,55.3,58.24,51.45,60.4
1138010400,서울특별시 은평구 갈현동,서울특별시,은평구,37.6198652831792,126.914367182376,64.33,53.0,89.42,66.1,53.89,68.17,5.4,62.56,61.43,69.96,63.56
1138010500,서울특별시 은평구 구산동,서울특별시,은평구,37.6117570303251,126.910376186527,65.67,49.83,92.0,50.94,56.47,70.83,5.3,62.4,60.82,68.84,59.18
1138010600,서울특별시 은평구 대조동,서울특별시,은평구,37.6141899645264,126.920825111083,88.25,63.83,94.5,70.4,39.47,63.67,3.0,71.77,69.33,75.22,66.43
1138010700,서울특별시 은평구 응암동,서울특별시,은평구,37.5963272964126,126.924109745075,38.92,38.83,86.5,76.19,62.9,57.5,8.6,49.25,49.24,63.96,61.92
1138010800,서울특별시 은평구 역촌동,서울특별시,은평구,37.6043976551679,126.915123289569,60.42,45.83,93.5,61.16,47.72,66.17,5.9,58.34,56.88,67.86,59.2
1138010900,서울특별시 은평구 신사동,서울특별시,은평구,37.5949214743514,126.908475948726,63.0,48.42,66.75,59.77,47.72,82.33,5.6,61.72,60.26,62.82,60.44
1138011000,서울특별시 은평구 증산동,서울특별시,은평구,37.5843030609174,126.907039772766,28.92,88.17,66.5,48.07,26.94,67.5,10.1,54.09,60.01,57.54,48.82
1138011400,서울특별시 은평구 진관동,서울특별시,은평구,37.6349668825061,126.92106591289,35.83,85.75,69.0,63.6,69.48,49.67,9.0,57.49,62.48,62.88,61.01
1141010100,서울특별시 서대문구 충정로2가,서울특별시,서대문구,37.5648511031139,126.964119536636,45.17,87.75,49.08,39.92,0.0,78.0,7.7,57.8,62.06,52.35,43.68
1141010200,서울특별시 서대문구 충정로3가,서울특별시,서대문구,37.5620789699489,126.961983963838,48.67,84.0,61.75,29.44,0.0,83.67,7.3,59.33,62.86,55.39,41.64
1141010300,서울특별시 서대문구 합동,서울특별시,서대문구,37.5615287939469,126.966031651429,22.67,84.5,32.83,0.0,17.0,87.5,11.9,49.9,56.08,40.75,30.02
1141010500,서울특별시 서대문구 냉천동,서울특별시,서대문구,37.5667821636119,126.961963463309,22.5,67.25,51.58,27.1,0.0,76.83,11.9,43.99,48.46,44.53,33.69
1141010600,서울특별시 서대문구 천연동,서울특별시,서대문구,37.5675017663094,126.958422464555,40.33,40.67,60.0,16.62,0.0,75.17,8.3,43.15,43.18,43.92,30.21
1141010800,서울특별시 서대문구 영천동,서울특별시,서대문구,37.5703879302211,126.956682170377,26.67,62.33,49.42,36.27,17.0,69.33,10.9,44.77,48.33,45.72,39.2
1141010900,서울특별시 서대문구 현저동,서울특별시,서대문구,37.5737854968816,126.95407204926,27.83,75.83,41.17,16.62,17.0,64.83,10.5,46.25,51.05,41.82,32.76
1141011000,서울특별시 서대문구 북아현동,서울특별시,서대문구,37.559565244981,126.956901214305,17.0,87.17,65.83,52.43,39.47,87.17,13.6,55.04,62.05,60.26,53.88
1141011100,서울특별시 서대문구 홍제동,서울특별시,서대문구,37.585845800944,126.948725215733,37.17,73.25,65.08,70.69,58.81,66.83,8.8,57.36,60.97,62.6,62.68
1141011200,서울특별시 서대문구 대현동,서울특별시,서대문구,37.560768646354,126.947212193537,39.83,64.67,75.25,40.96,17.0,67.33,8.4,51.08,53.57,56.19,44.04
1141011600,서울특별시 서대문구 창천동,서울특별시,서대문구,37.5586862112855,126.934193637741,87.33,63.5,83.83,56.54,34.0,89.17,3.1,74.69,72.31,73.03,63.61
1141011700,서울특별시 서대문구 연희동,서울특별시,서대문구,37.5739100104158,126.935230751932,47.67,17.5,38.42,55.42,60.94,65.5,7.4,44.95,41.93,45.53,52.23
1141011800,서울특별시 서대문구 홍은동,서울특별시,서대문구,37.5908908122788,126.933218715152,47.42,30.25,39.92,51.95,62.9,68.5,7.4,48.74,47.03,47.98,53.17
1141011900,서울특별시 서대문구 북가좌동,서울특별시,서대문구,37.5780815956198,126.91039845202,28.17,45.17,89.67,62.19,51.0,91.5,10.3,52.14,53.84,66.06,58.92
1141012000,서울특별시 서대문구 남가좌동,서울특별시,서대문구,37.5755473825402,126.919548350676,25.42,35.17,92.0,64.48,60.94,80.33,11.1,47.67,48.65,64.5,58.74
1144010100,서울특별시 마포구 아현동,서울특별시,마포구,37.5544867895966,126.955727151387,8.33,97.67,86.17,62.19,51.0,61.5,17.9,52.15,61.09,65.4,56.52
1144010200,서울특별시 마포구 공덕동,서울특별시,마포구,37.5501743473819,126.960034513244,13.0,61.58,69.42,61.42,47.72,82.0,15.3,47.66,52.52,58.3,54.92
1144010300,서울특별시 마포구 신공덕동,서울특별시,마포구,37.543714388763,126.95556152591,16.17,79.42,84.33,45.32,17.0,57.25,13.9,45.15,51.47,56.72,42.43
1144010400,서울특별시 마포구 도화동,서울특별시,마포구,37.5415497123869,126.949873511116,19.5,89.17,94.17,69.51,34.0,56.83,12.8,52.07,59.03,66.9,56.2
1144010500,서울특별시 마포구 용강동,서울특별시,마포구,37.54231770904,126.942708117541,7.0,68.83,94.5,31.46,34.0,61.17,19.0,41.59,47.77,57.02,39.64
1144010600,서울특별시 마포구 토정동,서울특별시,마포구,37.5388960581724,126.939782456982,18.25,53.92,85.08,0.0,0.0,45.0,13.1,33.12,36.69,43.1,19.13
1144010700,서울특별시 마포구 마포동,서울특별시,마포구,37.5371140701999,126.943825451904,31.83,75.67,80.17,10.49,17.0,49.33,9.7,46.16,50.54,50.85,30.82
1144010800,서울특별시 마포구 대흥동,서울특별시,마포구,37.5498936438386,126.943403941965,10.33,86.08,97.5,57.92,39.47,61.5,16.5,49.15,56.73,65.57,52.42
1144010900,서울특별시 마포구 염리동,서울특별시,마포구,37.5470619620453,126.94565571696,10.0,80.25,96.75,48.07,34.0,62.17,16.7,46.64,53.66,62.5,47.31
1144011000,서울특별시 마포구 노고산동,서울특별시,마포구,37.5543526246387,126.937909479778,90.67,98.17,95.67,59.77,26.94,60.5,2.8,78.84,79.59,77.76,63.58
1144011100,서울특별시 마포구 신수동,서울특별시,마포구,37.5470206619261,126.935226865858,13.67,82.08,95.92,41.94,26.94,62.5,14.6,47.39,54.23,61.5,44.5
1144011200,서울특별시 마포구 현석동,서울특별시,마포구,37.5421619566645,126.934289634391,9.83,47.83,84.58,0.0,26.94,48.83,17.0,32.09,35.89,44.04,23.2
1144011300,서울특별시 마포구 구수동,서울특별시,마포구,37.5457361347133,126.932539327611,22.0,93.58,88.33,34.83,0.0,52.42,12.0,47.74,54.9,56.92,37.13
1144011400,서울특별시 마포구 창전동,서울특별시,마포구,37.549273643204,126.92977041133,19.25,84.5,91.33,37.59,39.47,52.42,12.9,48.74,55.26,60.41,44.82
1144011500,서울특별시 마포구 상수동,서울특별시,마포구,37.5456269289382,126.924776753718,9.0,83.5,73.58,31.46,34.0,46.83,17.5,42.04,49.49,51.09,38.21
1144011600,서울특별시 마포구 하중동,서울특별시,마포구,37.5435745257489,126.927779696718,3.33,52.75,48.67,10.49,0.0,43.5,25.5,26.01,30.95,31.11,18.4
1144011700,서울특별시 마포구 신정동,서울특별시,마포구,37.543161599964,126.930332866478,19.83,60.75,58.08,0.0,17.0,44.83,12.7,35.7,39.79,37.94,22.08
1144012000,서울특별시 마포구 서교동,서울특별시,마포구,37.5550949138083,126.914613374473,19.25,69.17,89.83,66.47,39.47,53.83,12.9,46.56,51.55,62.2,53.53
1144012200,서울특별시 마포구 합정동,서울특별시,마포구,37.5516618139957,126.911756414276,13.5,80.58,79.5,49.86,26.94,56.33,14.7,45.3,52.01,56.58,45.35
1144012300,서울특별시 마포구 망원동,서울특별시,마포구,37.5567856576913,126.901347294861,37.5,39.92,45.17,62.91,34.0,54.92,8.8,42.89,43.14,46.24,48.93
1144012400,서울특별시 마포구 연남동,서울특별시,마포구,37.5644776141885,126.922023205508,32.33,39.08,65.83,37.59,26.94,54.5,9.6,39.85,40.53,46.97,38.77
1144012500,서울특별시 마포구 성산동,서울특별시,마포구,37.5628827605386,126.909284812172,28.33,58.08,84.58,55.8,58.81,68.83,10.2,51.1,54.08,62.91,55.9
1144012600,서울특별시 마포구 중동,서울특별시,마포구,37.5716627632571,126.9055839139,35.5,47.42,82.83,42.86,39.47,51.83,9.0,44.88,46.07,55.44,44.88
1144012700,서울특별시 마포구 상암동,서울특별시,마포구,37.5783209050877,126.894689433213,25.17,81.83,30.58,62.67,70.89,47.17,11.2,50.45,56.12,48.79,56.68
1147010100,서울특별시 양천구 신정동,서울특별시,양천구,37.5185526780279,126.854354325392,20.0,90.25,98.83,84.8,0.0,99.33,12.7,58.61,65.63,73.81,61.55
1147010200,서울특별시 양천구 목동,서울특별시,양천구,37.5304364108359,126.870989288343,9.5,40.83,99.83,86.53,0.0,83.83,17.2,39.62,42.75,63.05,53.36
1147010300,서울특별시 양천구 신월동,서울특별시,양천구,37.532815818936,126.831535864977,48.17,24.0,53.0,73.16,17.0,99.83,7.3,50.83,48.42,54.37,56.26
1150010100,서울특별시 강서구 염창동,서울특별시,강서구,37.553736243135,126.870985348962,35.0,47.42,79.0,60.89,39.47,45.83,9.1,44.21,45.45,56.02,50.02
1150010200,서울특별시 강서구 등촌동,서울특별시,강서구,37.5622374761139,126.843670821456,43.08,44.92,85.08,74.97,69.48,45.17,8.0,50.29,50.48,63.69,62.12
1150010300,서울특별시 강서구 화곡동,서울특별시,강서구,37.5362848031693,126.848952280488,38.92,60.33,69.83,87.77,85.75,70.17,8.6,59.19,61.33,68.1,73.76
1150010400,서울특별시 강서구 가양동,서울특별시,강서구,37.5693673262877,126.84732341674,42.25,57.25,41.92,61.16,66.41,43.0,8.1,49.5,51.0,49.77,55.3
1150010500,서울특별시 강서구 마곡동,서울특별시,강서구,37.5747859514343,126.830205192607,21.0,32.67,17.67,80.52,56.47,34.33,12.4,32.94,34.11,36.23,51.93
1150010600,서울특별시 강서구 내발산동,서울특별시,강서구,37.5543737621716,126.83326640676,35.33,48.83,99.33,66.47,60.94,47.67,9.1,48.49,49.84,65.64,57.75
1150010800,서울특별시 강서구 공항동,서울특별시,강서구,37.5588726032731,126.810109136838,52.5,80.58,27.83,50.41,43.94,51.0,6.7,57.03,59.83,47.92,51.41
1150010900,서울특별시 강서구 방화동,서울특별시,강서구,37.5713090735148,126.811820803059,59.5,63.83,75.25,67.56,79.9,59.17,5.9,63.75,64.18,68.07,67.57
1153010100,서울특별시 구로구 신도림동,서울특별시,구로구,37.5077809050365,126.880610228674,26.0,58.33,70.5,63.83,34.0,50.83,11.0,43.96,47.2,54.4,50.02
1153010200,서울특별시 구로구 구로동,서울특별시,구로구,37.495770737873,126.882642231121,58.08,37.17,55.58,84.12,60.94,95.67,6.1,61.83,59.74,64.02,71.19
1153010300,서울특별시 구로구 가리봉동,서울특별시,구로구,37.4825327471336,126.889718085071,68.67,64.25,49.83,37.59,0.0,91.83,5.0,62.83,62.39,54.3,46.15
1153010600,서울특별시 구로구 고척동,서울특별시,구로구,37.5013977406621,126.863557123957,55.0,39.08,71.08,65.31,58.81,58.58,6.5,53.44,51.84,59.9,59.12
1153010700,서울특별시 구로구 개봉동,서울특별시,구로구,37.4930115322773,126.857746551058,55.5,93.17,76.92,70.97,58.81,66.67,6.4,69.33,73.09,71.9,68.09
1153010800,서울특별시 구로구 오류동,서울특별시,구로구,37.4889461307049,126.835492478188,67.83,73.25,42.83,64.27,47.72,50.33,5.1,62.25,62.79,55.97,59.23
1153010900,서울특별시 구로구 궁동,서울특별시,구로구,37.5018731116129,126.827457184485,79.83,27.17,19.33,29.44,26.94,47.5,4.0,49.37,44.1,36.08,38.48
1153011000,서울특별시 구로구 온수동,서울특별시,구로구,37.4941466665874,126.820586087352,50.92,79.08,33.17,31.46,47.72,58.58,7.0,57.31,60.13,47.73,46.55
1153011100,서울특별시 구로구 천왕동,서울특별시,구로구,37.4802774110976,126.83999317372,45.67,41.25,36.33,36.27,53.89,46.0,7.6,44.52,44.07,41.67,43.16
1153011200,서울특별시 구로구 항동,서울특별시,구로구,37.4801853131194,126.823409784343,47.08,25.5,38.08,36.27,43.94,52.67,7.4,41.5,39.34,40.05,40.9
1154510100,서울특별시 금천구 가산동,서울특별시,금천구,37.4768763179224,126.891779471155,65.33,34.5,33.92,68.07,34.0,86.5,5.3,57.29,54.21,51.74,58.54
1154510200,서울특별시 금천구 독산동,서울특별시,금천구,37.4681432491734,126.899392976389,49.17,34.17,54.25,73.16,80.83,92.83,7.2,58.77,57.27,61.76,69.2
1154510300,서울특별시 금천구 시흥동,서울특별시,금천구,37.4476688042386,126.908452220723,63.25,19.0,61.75,76.96,77.94,90.17,5.5,59.65,55.23,63.73,70.52
1156010100,서울특별시 영등포구 영등포동,서울특별시,영등포구,37.5134118222973,126.906168599588,26.33,83.5,61.17,43.72,26.94,99.67,10.9,57.96,63.68,59.03,51.0
1156010200,서울특별시 영등포구 영등포동1가,서울특별시,영등포구,37.5178393128912,126.913185328453,88.83,96.5,41.92,10.49,0.0,98.17,3.0,77.47,78.24,56.67,43.47
1156010300,서울특별시 영등포구 영등포동2가,서울특별시,영등포구,37.5207969614042,126.91150771146,66.0,63.25,39.08,16.62,17.0,95.33,5.3,62.46,62.19,49.6,41.7
1156010400,서울특별시 영등포구 영등포동3가,서울특별시,영등포구,37.5182713776916,126.90787737105,99.5,83.5,46.42,56.18,0.0,99.17,1.0,80.66,79.06,64.68,60.13
1156010500,서울특별시 영등포구 영등포동4가,서울특별시,영등포구,37.5178895038414,126.903552262737,98.67,68.25,53.83,49.86,0.0,98.67,1.2,76.52,73.47,63.47,56.57
1156010600,서울특별시 영등포구 영등포동5가,서울특별시,영등포구,37.5210743651057,126.906688412883,57.0,89.83,47.83,40.96,0.0,99.0,6.2,66.65,69.93,57.37,49.11
1156010800,서울특별시 영등포구 영등포동7가,서울특별시,영등포구,37.5240155727982,126.907114627945,18.83,90.75,58.83,34.83,17.0,97.83,13.0,55.23,62.42,55.68,45.11
1156010900,서울특별시 영등포구 영등포동8가,서울특별시,영등포구,37.5283028633869,126.905253942411,21.33,48.83,78.25,39.92,17.0,94.17,12.3,46.12,48.87,55.81,43.49
1156011000,서울특별시 영등포구 여의도동,서울특별시,영등포구,37.526784915083,126.930167091136,2.0,89.33,53.42,80.15,34.0,46.33,29.8,42.38,51.11,52.1,53.71
1156011100,서울특별시 영등포구 당산동1가,서울특별시,영등포구,37.5216623144431,126.898547402403,31.67,65.5,78.25,33.24,0.0,97.33,9.7,52.5,55.88,57.64,41.45
1156011200,서울특별시 영등포구 당산동2가,서울특별시,영등포구,37.5224653819518,126.893736304951,38.33,77.67,81.75,36.27,0.0,98.33,8.7,58.4,62.33,62.11,45.05
1156011300,서울특별시 영등포구 당산동3가,서울특별시,영등포구,37.525848582812,126.89671357564,30.33,98.42,90.17,48.69,17.0,96.83,9.8,63.23,70.04,69.89,53.87
1156011400,서울특별시 영등포구 당산동4가,서울특별시,영등포구,37.5290653986879,126.899075891843,20.67,57.25,80.83,44.54,34.0,93.42,12.6,49.9,53.56,60.03,49.27
1156011500,서울특별시 영등포구 당산동5가,서울특별시,영등포구,37.5320981652413,126.901203325782,11.5,85.33,77.42,55.42,39.47,96.5,15.7,55.25,62.63,64.49,55.9
1156011600,서울특별시 영등포구 당산동6가,서울특별시,영등포구,37.5337949488345,126.904735599528,98.33,91.83,66.75,56.18,0.0,88.17,1.5,81.15,80.5,70.2,60.16
1156011700,서울특별시 영등포구 당산동,서울특별시,영등포구,37.5402584246452,126.902165652703,25.83,44.92,47.83,0.0,0.0,39.0,11.0,30.46,32.37,30.81,16.61
1156011800,서울특별시 영등포구 도림동,서울특별시,영등포구,37.5094388403258,126.895944463887,28.0,70.83,63.25,42.86,26.94,97.67,10.4,55.04,59.32,57.57,49.48
1156012000,서울특별시 영등포구 문래동2가,서울특별시,영등포구,37.5127447489723,126.893057862261,42.25,65.67,80.42,20.97,0.0,98.5,8.1,55.97,58.32,58.23,39.04
1156012100,서울특별시 영등포구 문래동3가,서울특별시,영등포구,37.5165971793933,126.896816819326,18.0,89.0,73.33,56.9,17.0,96.67,13.1,56.1,63.2,62.78,53.08
1156012200,서울특별시 영등포구 문래동4가,서울특별시,영등포구,37.5144572928255,126.889829482109,36.33,51.83,79.0,10.49,26.94,97.0,8.9,52.24,53.79,55.74,38.19
1156012300,서울특별시 영등포구 문래동5가,서울특별시,영등포구,37.5162865616222,126.8844154127,36.33,87.17,82.25,0.0,17.0,82.0,8.9,56.72,61.8,57.2,33.98
1156012400,서울특별시 영등포구 문래동6가,서울특별시,영등포구,37.5194820467019,126.886822180022,41.25,44.67,76.25,43.72,17.0,96.0,8.2,52.5,52.85,58.42,47.57
1156012500,서울특별시 영등포구 양평동1가,서울특별시,영등포구,37.5234622076971,126.888223442468,38.08,81.5,75.25,24.35,17.0,98.0,8.7,59.98,64.33,60.56,44.25
1156012600,서울특별시 영등포구 양평동2가,서울특별시,영등포구,37.523485321528,126.882336382875,45.5,68.5,94.83,36.27,0.0,83.5,7.7,56.3,58.6,63.51,43.64
1156012700,서울특별시 영등포구 양평동3가,서울특별시,영등포구,37.5293681802834,126.891015825174,30.67,50.42,76.92,27.1,0.0,76.17,9.8,43.77,45.75,50.73,34.4
1156012800,서울특별시 영등포구 양평동4가,서울특별시,영등포구,37.5369309404219,126.896766179375,37.67,85.33,67.83,42.86,17.0,84.33,8.8,58.62,63.38,59.58,48.63
1156012900,서울특별시 영등포구 양평동5가,서울특별시,영등포구,37.5393563567171,126.892639686611,30.5,92.67,60.0,34.83,0.0,91.0,9.8,56.78,63.0,55.35,42.68
1156013000,서울특별시 영등포구 양평동6가,서울특별시,영등포구,37.5423276935981,126.890503614635,42.67,51.58,45.17,0.0,0.0,72.17,8.0,44.52,45.41,38.51,24.64
1156013200,서울특별시 영등포구 신길동,서울특별시,영등포구,37.5041663202167,126.91406973946,24.17,51.58,95.0,76.87,64.72,97.17,11.4,55.85,58.6,72.44,67.96
1156013300,서울특별시 영등포구 대림동,서울특별시,영등포구,37.4925087229046,126.902006335554,44.83,57.25,68.75,68.89,53.89,100.0,7.7,62.27,63.52,66.66,65.78
1159010100,서울특별시 동작구 노량진동,서울특별시,동작구,37.5107058110368,126.940393261192,27.67,78.17,82.25,58.24,26.94,67.17,10.5,52.38,57.43,62.06,51.93
1159010200,서울특별시 동작구 상도동,서울특별시,동작구,37.4985163075705,126.939014238644,20.33,42.42,67.0,77.15,66.41,70.67,12.6,45.7,47.91,58.33,61.53
1159010300,서울특별시 동작구 상도1동,서울특별시,동작구,37.5032426328398,126.94974984805,70.33,95.5,87.75,49.86,26.94,68.67,4.9,71.8,74.32,71.67,57.63
1159010400,서울특별시 동작구 본동,서울특별시,동작구,37.5130293559068,126.954204316851,23.33,99.33,56.25,24.35,34.0,50.5,11.8,50.53,58.13,49.9,39.14
1159010500,서울특별시 동작구 흑석동,서울특별시,동작구,37.5057750153538,126.966590753167,8.17,65.83,39.08,58.56,43.94,60.08,17.9,40.61,46.38,45.01,48.06
1159010600,서울특별시 동작구 동작동,서울특별시,동작구,37.4992139256221,126.973876571542,14.0,45.58,33.92,0.0,26.94,46.5,14.6,29.98,33.14,28.78,20.72
1159010700,서울특별시 동작구 사당동,서울특별시,동작구,37.4839326741508,126.973135661399,22.17,93.58,81.33,80.22,69.48,79.83,12.0,62.15,69.29,72.72,70.7
1159010800,서울특별시 동작구 대방동,서울특별시,동작구,37.5081642609998,126.926343500008,25.67,71.33,86.92,63.38,26.94,83.17,11.1,53.66,58.23,65.3,55.38
1159010900,서울특별시 동작구 신대방동,서울특별시,동작구,37.4930124961565,126.914941920386,28.92,72.33,79.33,63.6,39.47,56.67,10.2,50.63,54.97,60.97,54.19
1162010100,서울특별시 관악구 봉천동,서울특별시,관악구,37.4825384917268,126.952165181187,38.67,96.25,93.83,89.45,76.9,60.83,8.6,66.62,72.38,78.62,75.93
1162010200,서울특별시 관악구 신림동,서울특별시,관악구,37.4894520674165,126.926185482384,54.83,97.33,43.83,86.97,85.75,53.5,6.5,69.34,73.59,65.62,75.76
1162010300,서울특별시 관악구 남현동,서울특별시,관악구,37.4745631666845,126.977909779402,46.83,71.67,53.83,55.42,47.72,60.08,7.5,56.56,59.04,56.02,54.84
1165010100,서울특별시 서초구 방배동,서울특별시,서초구,37.4834130146568,126.994486969319,5.83,75.5,85.08,84.85,70.89,96.33,20.6,55.77,62.73,71.99,71.0
1165010200,서울특별시 서초구 양재동,서울특별시,서초구,37.4720040276212,127.037463917199,21.83,96.75,37.42,68.89,74.67,54.92,12.0,55.59,63.09,55.05,62.1
1165010300,서울특별시 서초구 우면동,서울특별시,서초구,37.4646530229734,127.01605116304,15.83,14.67,25.67,52.89,69.48,43.17,13.9,28.72,28.6,33.63,44.01
1165010600,서울특별시 서초구 잠원동,서울특별시,서초구,37.514918688022,127.014102820234,1.83,80.92,85.83,81.66,69.48,81.0,29.8,52.39,60.3,69.51,67.28
1165010700,서울특별시 서초구 반포동,서울특별시,서초구,37.50514467674,127.013359062646,0.5,93.58,99.17,83.03,73.47,57.25,39.4,51.48,60.78,72.25,66.73
1165010800,서울특별시 서초구 서초동,서울특별시,서초구,37.4900861966502,127.01953478052,5.17,49.25,95.33,99.14,73.47,82.0,21.7,47.59,52.0,71.28,72.16
1165010900,서울특별시 서초구 내곡동,서울특별시,서초구,37.4582463131037,127.076916934729,12.0,10.83,2.33,39.92,53.89,37.5,15.6,21.91,21.79,21.13,33.37
1165011100,서울특별시 서초구 신원동,서울특별시,서초구,37.4440189779745,127.062170998757,10.5,35.83,8.08,36.27,53.89,37.0,16.4,27.64,30.17,25.75,34.58
1168010100,서울특별시 강남구 역삼동,서울특별시,강남구,37.4953666908087,127.03306536185,6.0,58.58,98.17,97.53,73.47,34.17,20.2,40.71,45.97,66.24,65.62
1168010300,서울특별시 강남구 개포동,서울특별시,강남구,37.4819251305593,127.057440206035,3.5,51.08,67.83,72.79,73.47,25.17,24.5,33.41,38.16,50.58,52.97
1168010400,서울특별시 강남구 청담동,서울특별시,강남구,37.5250293348772,127.049233039691,2.5,43.0,57.67,86.33,39.47,29.67,27.3,28.71,32.76,45.47,50.12
1168010500,서울특별시 강남구 삼성동,서울특별시,강남구,37.5143225723289,127.062831022499,3.0,90.0,28.5,80.45,58.81,25.5,26.7,39.98,48.68,44.27,54.62
1168010600,서울특별시 강남구 대치동,서울특별시,강남구,37.4932421505465,127.056693501258,1.33,87.17,100.0,86.13,64.72,24.67,33.9,42.97,51.55,66.37,60.71
1168010700,서울특별시 강남구 신사동,서울특별시,강남구,37.5239850298541,127.02277448907,6.17,53.92,97.83,100.0,47.72,30.0,19.9,36.3,41.08,62.63,60.25
1168010800,서울특별시 강남구 논현동,서울특별시,강남구,37.512645150688,127.030154778539,8.5,90.25,75.92,94.75,56.47,42.5,17.5,48.22,56.39,63.82,64.93
1168011000,서울특별시 강남구 압구정동,서울특별시,강남구,37.5306686414268,127.030809170421,0.17,56.58,96.33,39.92,39.47,23.83,59.2,29.73,35.37,50.92,35.94
1168011100,서울특별시 강남구 세곡동,서울특별시,강남구,37.4644437055761,127.106760267266,14.58,14.92,18.92,46.05,64.72,22.67,14.4,23.09,23.12,26.88,37.09
1168011200,서울특별시 강남구 자곡동,서울특별시,강남구,37.4733903987968,127.092180565565,12.33,20.67,30.58,40.96,56.47,21.17,15.6,22.94,23.78,29.09,34.25
1168011300,서울특별시 강남구 율현동,서울특별시,강남구,37.470976512434,127.115817745643,20.17,31.33,14.25,27.1,39.47,20.0,12.6,24.91,26.02,23.01,27.25
1168011400,서울특별시 강남구 일원동,서울특별시,강남구,37.4795654903149,127.080430036811,4.33,52.17,31.83,58.87,68.0,23.0,22.9,30.49,35.28,37.1,45.11
1168011500,서울특별시 강남구 수서동,서울특별시,강남구,37.4868187699686,127.105426218127,12.67,79.83,21.67,57.24,60.94,23.17,15.4,39.07,45.78,38.53,46.66
1168011800,서울특별시 강남구 도곡동,서울특별시,강남구,37.4909537197216,127.038482017226,2.83,37.83,94.5,76.0,56.47,29.83,26.8,30.59,34.09,55.97,51.3
1171010100,서울특별시 송파구 잠실동,서울특별시,송파구,37.5119564733931,127.088282780728,2.33,94.67,92.92,83.46,51.0,28.33,27.5,44.07,53.3,64.29,58.12
1171010200,서울특별시 송파구 신천동,서울특별시,송파구,37.5182926381796,127.101366591012,4.17,76.58,54.75,74.75,51.0,29.0,23.3,37.98,45.22,49.2,51.73
1171010300,서울특별시 송파구 풍납동,서울특별시,송파구,37.5380588825241,127.122225970875,24.0,99.5,57.0,55.42,43.94,32.25,11.5,49.74,57.29,53.17,49.42
1171010400,서울특별시 송파구 송파동,서울특별시,송파구,37.50609292063,127.109579159297,11.17,87.5,93.33,67.38,56.47,45.67,16.2,48.6,56.23,65.4,56.82
1171010500,서울특별시 송파구 석촌동,서울특별시,송파구,37.5035646306702,127.103667384036,29.5,76.08,90.0,68.73,43.94,42.75,10.1,50.23,54.88,63.95,55.79
1171010600,서울특별시 송파구 삼전동,서울특별시,송파구,37.5027233386057,127.092519707191,37.0,75.0,87.75,60.34,47.72,43.83,8.9,52.64,56.44,63.52,54.68
1171010700,서울특별시 송파구 가락동,서울특별시,송파구,37.4965421665627,127.105729381413,10.67,44.5,76.58,78.21,64.72,25.33,16.4,34.14,37.52,53.25,54.0
1171010800,서울특별시 송파구 문정동,서울특별시,송파구,37.4847415034152,127.118267660547,12.83,70.83,60.0,76.19,69.48,24.83,15.3,40.92,46.72,52.65,56.29
1171010900,서울특별시 송파구 장지동,서울특별시,송파구,37.4785083981102,127.136582139995,16.0,33.67,98.0,52.43,53.89,25.0,13.9,31.93,33.7,53.85,43.55
1171011100,서울특별시 송파구 방이동,서울특별시,송파구,37.5110126423949,127.123923689605,6.67,80.25,97.67,73.04,60.94,36.17,19.4,44.26,51.62,64.81,57.09
1171011200,서울특별시 송파구 오금동,서울특별시,송파구,37.5029748269764,127.128103930329,17.33,100.0,98.33,55.8,64.72,32.25,13.5,51.69,59.96,66.78,54.83
1171011300,서울특별시 송파구 거여동,서울특별시,송파구,37.4969242257404,127.143310298223,23.17,67.92,74.42,66.84,62.9,42.75,11.8,46.99,51.47,58.72,56.38
1171011400,서울특별시 송파구 마천동,서울특별시,송파구,37.4960258496317,127.149903613068,36.67,84.5,57.67,61.16,72.21,44.33,8.9,55.99,60.77,58.52,59.33
1174010100,서울특별시 강동구 명일동,서울특별시,강동구,37.5494403330956,127.150304746486,17.67,50.75,98.67,74.75,0.0,40.42,13.2,35.63,38.94,57.14,44.88
1174010200,서울특별시 강동구 고덕동,서울특별시,강동구,37.5641661222504,127.155939319817,12.17,29.0,50.58,61.42,17.0,40.42,15.6,26.89,28.58,38.33,38.21
1174010300,서울특별시 강동구 상일동,서울특별시,강동구,37.5505837474645,127.168300419218,13.83,42.42,60.67,51.45,51.0,40.42,14.6,34.24,37.09,45.52,43.62
1174010500,서울특별시 강동구 길동,서울특별시,강동구,37.5344859624469,127.142712345548,54.0,64.25,83.58,72.92,39.47,40.42,6.6,54.82,55.84,63.76,58.18
1174010600,서울특별시 강동구 둔촌동,서울특별시,강동구,37.5271882887608,127.142354524933,27.17,55.75,80.0,62.67,17.0,40.42,10.7,40.36,43.22,53.6,45.05
1174010700,서울특별시 강동구 암사동,서울특별시,강동구,37.5591140475274,127.13168588897,20.5,53.92,67.83,68.4,17.0,41.33,12.6,37.43,40.77,49.67,45.4
1174010800,서울특별시 강동구 성내동,서울특별시,강동구,37.5292748071425,127.130026914568,36.0,52.5,88.17,81.03,0.0,40.42,9.0,42.27,43.92,57.94,49.48
1174010900,서울특별시 강동구 천호동,서울특별시,강동구,37.5422218634248,127.12866892591,38.08,46.08,67.83,80.89,0.0,40.42,8.7,40.37,41.17,51.17,48.09
1174011000,서울특별시 강동구 강일동,서울특별시,강동구,37.5650420192003,127.173906305383,31.33,36.25,68.75,56.9,56.47,40.42,9.8,40.04,40.53,51.01,49.03
4111112900,경기도 수원시 장안구 파장동,경기도,수원시,37.3103196025955,126.997419023951,87.0,8.33,45.83,50.41,39.47,3.92,3.1,42.08,34.21,40.15,42.3
4111113000,경기도 수원시 장안구 정자동,경기도,수원시,37.3017558325296,126.990841281045,63.58,15.83,96.17,69.81,72.21,2.0,5.5,42.13,37.36,58.76,55.1
4111113100,경기도 수원시 장안구 이목동,경기도,수원시,37.3189026787409,126.97819910328,58.83,12.17,10.75,0.0,39.47,0.17,6.0,28.15,23.49,17.85,18.5
4111113200,경기도 수원시 장안구 율전동,경기도,수원시,37.3028804285454,126.969789313003,81.42,81.67,42.83,53.34,26.94,3.5,3.9,57.12,57.14,48.53,47.1
4111113300,경기도 수원시 장안구 천천동,경기도,수원시,37.2920047534449,126.977119691468,63.83,27.83,81.75,59.77,60.94,0.5,5.5,42.57,38.97,53.41,49.63
4111113400,경기도 수원시 장안구 영화동,경기도,수원시,37.2931846908545,127.014029745892,93.83,10.0,31.5,54.21,34.0,4.67,2.6,43.96,35.58,37.26,43.12
4111113500,경기도 수원시 장안구 송죽동,경기도,수원시,37.3005053421739,127.006983971536,74.33,9.83,64.75,50.94,34.0,2.25,4.5,38.11,31.66,43.43,40.34
4111113600,경기도 수원시 장안구 조원동,경기도,수원시,37.3019100094315,127.01653986805,71.92,8.83,49.83,62.19,53.89,5.5,4.8,39.47,33.16,42.6,47.53
4111113700,경기도 수원시 장안구 연무동,경기도,수원시,37.2905417315214,127.021472428994,69.33,9.67,29.25,48.07,39.47,5.33,5.0,35.56,29.6,32.58,38.35
4111312600,경기도 수원시 권선구 세류동,경기도,수원시,37.2621173861588,127.008053643212,72.92,39.67,51.08,59.18,60.94,5.67,4.6,48.18,44.86,48.03,51.21
4111312700,경기도 수원시 권선구 평동,경기도,수원시,37.2580664266839,126.994138199612,72.42,28.83,10.75,0.0,53.89,2.25,4.7,38.93,34.57,24.14,25.4
4111312800,경기도 수원시 권선구 고색동,경기도,수원시,37.2461969588827,126.984144062997,86.17,59.5,16.75,43.72,60.94,1.33,3.3,54.42,51.75,39.73,47.4
4111312900,경기도 수원시 권선구 오목천동,경기도,수원시,37.2418690484092,126.969394427065,76.33,58.58,23.33,46.76,53.89,1.75,4.3,50.6,48.83,39.9,45.88
4111313100,경기도 수원시 권선구 서둔동,경기도,수원시,37.2743991785223,126.981283287789,80.0,22.17,26.25,33.24,58.81,1.75,4.0,42.75,36.96,34.33,39.19
4111313200,경기도 수원시 권선구 구운동,경기도,수원시,37.2771111447235,126.971432311497,77.25,15.67,35.0,36.27,60.94,3.92,4.3,41.4,35.24,36.56,40.38
4111313300,경기도 수원시 권선구 탑동,경기도,수원시,37.2648972568593,126.974151635341,91.5,16.17,16.75,51.45,47.72,0.33,2.7,44.32,36.78,33.71,43.78
4111313400,경기도 수원시 권선구 금곡동,경기도,수원시,37.2727872043051,126.952320757237,70.0,4.67,82.67,66.1,75.81,2.92,4.9,41.27,34.74,53.94,53.84
4111313500,경기도 수원시 권선구 호매실동,경기도,수원시,37.26624745857,126.95705992348,73.83,8.0,67.83,50.41,56.47,3.17,4.6,40.03,33.45,46.31,44.68
4111313600,경기도 수원시 권선구 곡반정동,경기도,수원시,37.2380090692736,127.030211826582,62.5,18.0,44.42,44.54,43.94,2.58,5.6,35.73,31.28,36.86,38.16
4111313700,경기도 수원시 권선구 권선동,경기도,수원시,37.2576747662825,127.024596888703,73.42,41.58,64.5,71.51,89.85,4.33,4.6,52.74,49.56,56.96,62.04
4111314000,경기도 수원시 권선구 입북동,경기도,수원시,37.2932002332761,126.959543799173,77.58,22.83,24.67,10.49,39.47,0.75,4.3,38.72,33.24,28.1,26.83
4111314100,경기도 수원시 권선구 당수동,경기도,수원시,37.2887192971878,126.940216969357,88.0,6.0,20.75,36.27,17.0,0.75,3.0,37.0,28.8,27.58,31.04
4111513200,경기도 수원시 팔달구 교동,경기도,수원시,37.273325896649,127.013065432691,89.67,34.33,73.0,34.83,17.0,4.83,2.9,48.02,42.49,48.15,36.85
4111513300,경기도 수원시 팔달구 매교동,경기도,수원시,37.2710728946344,127.016289588053,47.83,48.0,70.83,42.86,0.0,5.08,7.4,35.44,35.46,42.81,31.28
4111513400,경기도 수원시 팔달구 매산로1가,경기도,수원시,37.2673977627356,127.000947023048,99.83,96.0,57.0,56.18,0.0,6.17,0.8,65.83,65.45,55.83,48.01
4111513500,경기도 수원시 팔달구 매산로2가,경기도,수원시,37.2652640268118,127.004148745817,59.17,73.5,60.67,41.94,0.0,6.5,5.9,45.51,46.95,45.37,34.91
4111513600,경기도 수원시 팔달구 매산로3가,경기도,수원시,37.2710844479191,127.009484221759,83.17,37.0,79.83,20.97,0.0,6.33,3.6,44.67,40.05,46.07,28.46
4111513700,경기도 수원시 팔달구 고등동,경기도,수원시,37.2734455492434,127.001168088516,49.5,37.42,54.75,41.94,34.0,6.0,7.2,36.11,34.91,40.05,36.28
4111513800,경기도 수원시 팔달구 화서동,경기도,수원시,37.2767576637951,126.994759157061,65.17,32.67,52.33,65.71,72.21,1.5,5.3,44.4,41.15,47.68,53.32
4111513900,경기도 수원시 팔달구 지동,경기도,수원시,37.2815595456453,127.024708400375,97.83,14.17,34.5,46.76,26.94,5.83,1.7,45.71,37.34,37.73,40.44
4111514000,경기도 수원시 팔달구 우만동,경기도,수원시,37.2853104025743,127.029391735447,74.5,13.83,39.42,62.67,47.72,5.08,4.5,40.42,34.36,40.01,46.77
4111514100,경기도 수원시 팔달구 인계동,경기도,수원시,37.269640385835,127.0256380269,76.58,31.17,66.33,81.1,51.0,2.58,4.3,47.58,43.04,53.71,56.89
4111710100,경기도 수원시 영통구 매탄동,경기도,수원시,37.2704256011136,127.040340286559,68.83,23.17,81.75,70.97,76.9,4.33,5.0,46.08,41.51,57.31,57.6
4111710200,경기도 수원시 영통구 원천동,경기도,수원시,37.2734624286596,127.053213432207,32.0,17.0,70.5,59.18,47.72,4.33,9.6,27.57,26.07,42.8,40.93
4111710300,경기도 수원시 영통구 이의동,경기도,수원시,37.3036861320944,127.046372274239,19.0,86.5,36.33,68.89,60.94,2.92,13.0,40.21,46.96,43.59,50.05
4111710400,경기도 수원시 영통구 하동,경기도,수원시,37.2899942604673,127.074128958987,31.0,30.0,43.42,47.43,39.47,3.33,9.8,27.51,27.41,33.74,34.82
4111710500,경기도 수원시 영통구 영통동,경기도,수원시,37.2663467845111,127.080545438494,69.33,39.5,43.42,76.96,78.94,1.17,5.0,48.29,45.3,48.96,59.42
4111710600,경기도 수원시 영통구 신동,경기도,수원시,37.2476019257225,127.045995242628,44.5,42.08,74.42,24.35,26.94,1.0,7.8,33.93,33.69,41.81,28.66
4111710700,경기도 수원시 영통구 망포동,경기도,수원시,37.2407749027699,127.047776280369,51.5,29.58,90.5,69.81,70.89,3.67,6.9,41.26,39.07,57.42,54.37
4113110100,경기도 성남시 수정구 신흥동,경기도,성남시,37.4431149209874,127.141137377657,27.33,48.83,77.83,75.49,34.0,29.5,10.6,38.74,40.89,53.92,50.52
4113110200,경기도 성남시 수정구 태평동,경기도,성남시,37.4408182318508,127.125991008174,60.92,94.5,40.58,68.07,26.94,22.83,5.8,57.64,61.0,51.82,53.25
4113110300,경기도 성남시 수정구 수진동,경기도,성남시,37.4385763091096,127.139027108809,52.17,93.0,71.83,62.91,26.94,24.5,6.8,55.84,59.92,59.13,51.8
4113110400,경기도 성남시 수정구 단대동,경기도,성남시,37.4493897577627,127.155361716912,45.92,62.92,75.25,41.94,43.94,24.33,7.6,46.92,48.62,53.24,44.06
4113110600,경기도 성남시 수정구 양지동,경기도,성남시,37.4548459679088,127.160987909728,66.67,72.83,58.33,40.96,17.0,23.33,5.2,52.87,53.49,49.77,41.44
4113110800,경기도 성남시 수정구 창곡동,경기도,성남시,37.4683098541632,127.147827065531,14.83,30.25,96.75,43.72,39.47,15.17,14.4,26.76,28.3,48.57,35.56
4113111200,경기도 성남시 수정구 고등동,경기도,성남시,37.4282637538218,127.101344503792,23.83,9.33,15.58,31.46,34.0,18.0,11.5,20.02,18.58,20.47,25.8
4113310100,경기도 성남시 중원구 성남동,경기도,성남시,37.4353291482243,127.138944267643,64.17,81.17,63.83,69.66,34.0,21.33,5.4,57.09,58.79,58.0,55.31
4113310300,경기도 성남시 중원구 금광동,경기도,성남시,37.4450553893091,127.162431497209,46.17,60.5,72.67,65.9,51.0,24.17,7.6,48.15,49.58,56.41,53.5
4113310400,경기도 성남시 중원구 은행동,경기도,성남시,37.4521211053813,127.168879723867,58.5,38.58,62.67,54.21,68.0,22.33,6.0,47.23,45.24,51.64,51.69
4113310500,경기도 성남시 중원구 상대원동,경기도,성남시,37.4333251526037,127.164335999581,80.5,19.5,18.5,61.68,26.94,19.0,3.9,43.55,37.45,35.35,44.78
4113310600,경기도 성남시 중원구 여수동,경기도,성남시,37.4211450154018,127.143744170308,35.17,16.67,28.5,41.94,51.0,6.75,9.1,26.45,24.6,28.73,34.26
4113310700,경기도 성남시 중원구 도촌동,경기도,성남시,37.4165024621994,127.152772405649,41.92,11.42,24.0,36.27,53.89,14.5,8.1,28.83,25.78,28.21,34.28
4113310900,경기도 성남시 중원구 하대원동,경기도,성남시,37.4282778582399,127.146360901903,57.0,26.67,44.0,34.83,34.0,16.0,6.2,37.16,34.13,36.78,34.81
4113313200,경기도 성남시 중원구 중앙동,경기도,성남시,37.4429300831517,127.156279509281,32.67,88.75,69.42,48.69,34.0,24.0,9.5,47.73,53.34,53.34,44.69
4113510100,경기도 성남시 분당구 분당동,경기도,성남시,37.3701870959081,127.131129158742,22.33,16.42,97.33,27.1,51.0,12.08,11.9,25.66,25.07,45.99,31.36
4113510200,경기도 성남시 분당구 수내동,경기도,성남시,37.3754592998365,127.118005540215,11.0,62.67,99.0,71.1,51.0,16.5,16.2,36.42,41.59,58.99,50.43
4113510300,경기도 성남시 분당구 정자동,경기도,성남시,37.3614492169548,127.1115403336,16.67,50.75,91.08,77.24,62.9,12.08,13.8,35.64,39.05,57.12,53.56
4113510500,경기도 성남시 분당구 서현동,경기도,성남시,37.3828105281478,127.126083586929,15.33,76.58,86.92,81.52,56.47,13.5,14.2,41.28,47.4,59.76,56.15
4113510600,경기도 성남시 분당구 이매동,경기도,성남시,37.3995791810402,127.127177813535,14.17,61.58,88.5,53.34,53.89,16.83,14.5,36.2,40.94,53.83,44.68
4113510700,경기도 성남시 분당구 야탑동,경기도,성남시,37.4120856880184,127.130167470751,34.17,95.83,79.67,75.18,75.81,18.17,9.4,54.87,61.04,64.98,62.89
4113510800,경기도 성남시 분당구 판교동,경기도,성남시,37.3898680691969,127.09878136729,14.33,24.67,34.75,46.05,51.0,19.5,14.4,24.22,25.26,31.21,35.6
4113510900,경기도 성남시 분당구 삼평동,경기도,성남시,37.4061209184774,127.116359386936,8.83,24.33,81.17,69.04,60.94,7.17,17.5,24.21,25.76,46.85,45.24
4113511000,경기도 성남시 분당구 백현동,경기도,성남시,37.3885382845906,127.110839685197,5.0,43.58,35.67,54.62,51.0,20.5,22.0,26.36,30.22,34.36,39.28
4113511100,경기도 성남시 분당구 금곡동,경기도,성남시,37.351585342512,127.10701559073,24.33,94.0,72.0,70.83,39.47,14.33,11.4,45.97,52.94,56.07,51.48
4113511400,경기도 성남시 분당구 구미동,경기도,성남시,37.3402676009462,127.12270368209,30.17,24.92,71.08,69.96,70.89,7.0,9.9,32.33,31.81,48.22,50.29
4113511500,경기도 성남시 분당구 운중동,경기도,성남시,37.390471221413,127.077769102887,18.67,6.17,41.92,53.34,62.9,19.33,13.0,23.0,21.75,33.49,39.66
4113511600,경기도 성남시 분당구 대장동,경기도,성남시,37.370948994797,127.063776987593,21.67,3.67,31.08,38.8,17.0,6.75,12.2,15.05,13.25,21.66,23.16
4115010100,경기도 의정부시 의정부동,경기도,의정부시,37.7346401263968,127.034033667251,83.5,59.17,30.17,80.89,47.72,41.83,3.6,62.71,60.28,53.63,64.08
4115010200,경기도 의정부시 호원동,경기도,의정부시,37.7141699194512,127.034477959332,84.42,25.33,8.75,68.4,26.94,35.33,3.5,49.5,43.59,37.34,50.26
4115010300,경기도 의정부시 장암동,경기도,의정부시,37.7263976740223,127.054270875497,85.5,97.33,77.83,38.8,34.0,39.25,3.3,71.34,72.52,65.88,52.72
4115010400,경기도 의정부시 신곡동,경기도,의정부시,37.7314238778053,127.056847377285,87.67,50.08,63.83,63.15,17.0,45.5,3.0,60.35,56.59,57.81,53.68
4115010500,경기도 의정부시 용현동,경기도,의정부시,37.7338683010294,127.079978282419,84.17,41.0,27.33,58.24,47.72,39.25,3.5,56.61,52.29,46.37,53.91
4115010600,경기도 의정부시 민락동,경기도,의정부시,37.7403538413428,127.096358976229,85.17,35.33,86.33,65.71,78.94,39.67,3.4,62.07,57.09,67.68,65.36
4115010700,경기도 의정부시 낙양동,경기도,의정부시,37.7588360460209,127.110976788335,78.0,8.5,20.42,37.59,47.72,36.33,4.2,44.36,37.41,34.96,41.72
4115010900,경기도 의정부시 금오동,경기도,의정부시,37.7553882118649,127.059748029924,88.25,38.25,36.75,58.56,56.47,37.17,3.0,58.3,53.3,50.01,56.27
4115011000,경기도 의정부시 가능동,경기도,의정부시,37.7506435264153,127.038616105186,85.67,54.67,47.83,52.89,43.94,47.33,3.3,62.55,59.45,54.83,55.11
4115011100,경기도 의정부시 녹양동,경기도,의정부시,37.7601308014542,127.03232037874,87.5,35.0,26.75,48.69,51.0,44.17,3.1,57.08,51.83,45.43,51.83
4115011200,경기도 의정부시 고산동,경기도,의정부시,37.7222523746944,127.095337368279,82.17,20.5,2.33,10.49,0.0,35.33,3.8,41.59,35.42,22.97,23.46
4115011300,경기도 의정부시 산곡동,경기도,의정부시,37.7246169395578,127.111311374423,65.5,11.42,37.42,34.83,0.0,35.33,5.3,36.46,31.05,33.29,30.33
4117110100,경기도 안양시 만안구 안양동,경기도,안양시,37.3861273838986,126.915649986285,61.67,16.0,24.0,82.78,86.48,37.67,5.7,47.11,42.54,45.57,63.97
4117110200,경기도 안양시 만안구 석수동,경기도,안양시,37.419587610453,126.91063733651,59.0,94.25,33.92,56.54,64.72,47.0,5.9,64.61,68.13,55.17,59.75
4117110300,경기도 안양시 만안구 박달동,경기도,안양시,37.4035771458391,126.909124825885,73.67,25.17,64.25,53.78,47.72,54.67,4.6,53.68,48.83,55.14,53.35
4117310100,경기도 안양시 동안구 비산동,경기도,안양시,37.3998702682225,126.933356967257,57.33,30.83,87.33,72.17,64.72,46.17,6.2,51.45,48.8,63.65,61.18
4117310200,경기도 안양시 동안구 관양동,경기도,안양시,37.4060457499298,126.961457538379,53.5,21.83,55.58,80.0,78.94,49.17,6.6,48.69,45.52,55.24,64.15
4117310300,경기도 안양시 동안구 평촌동,경기도,안양시,37.3946500875002,126.977074976104,38.5,38.25,74.67,61.94,43.94,51.17,8.7,44.5,44.47,55.27,51.48
4117310400,경기도 안양시 동안구 호계동,경기도,안양시,37.375092351174,126.957201177225,48.83,23.67,98.5,83.82,72.21,56.0,7.2,50.54,48.03,68.62,66.8
4121010100,경기도 광명시 광명동,경기도,광명시,37.4886276698912,126.862684820612,50.5,39.92,77.42,75.28,60.94,77.33,7.1,56.85,55.79,65.77,65.57
4121010200,경기도 광명시 철산동,경기도,광명시,37.4907492268668,126.867941213494,40.5,51.08,75.25,74.42,60.94,71.5,8.3,54.82,55.88,64.29,63.91
4121010300,경기도 광명시 하안동,경기도,광명시,37.4651620028155,126.869225117896,58.67,24.5,75.92,68.07,81.72,51.5,6.0,52.33,48.91,61.36,62.94
4121010400,경기도 광명시 소하동,경기도,광명시,37.4522110542154,126.885011358569,51.67,33.67,57.0,67.38,79.9,63.83,6.9,53.48,51.68,57.57,63.1
4121010600,경기도 광명시 일직동,경기도,광명시,37.4191474463948,126.881419847337,23.5,64.92,51.58,51.45,58.81,58.33,11.7,47.15,51.3,51.08,51.12
4128110100,경기도 고양시 덕양구 주교동,경기도,고양시,37.6594130234868,126.829613718048,90.0,21.0,33.17,47.43,47.72,20.17,2.9,49.59,42.69,41.51,46.43
4128110300,경기도 고양시 덕양구 신원동,경기도,고양시,37.6777544978934,126.876869602689,58.08,5.83,2.33,48.69,43.94,14.92,6.1,31.71,26.49,24.22,37.48
4128110400,경기도 고양시 덕양구 원흥동,경기도,고양시,37.6475978173955,126.871008999634,48.5,70.33,22.75,46.05,39.47,18.67,7.3,45.68,47.86,38.3,42.26
4128110500,경기도 고양시 덕양구 도내동,경기도,고양시,37.6251535449339,126.862375162762,51.17,12.5,44.42,46.76,43.94,14.92,7.0,32.97,29.1,36.52,38.54
4128110600,경기도 고양시 덕양구 성사동,경기도,고양시,37.6546360151584,126.841233504888,77.0,90.75,41.17,60.62,56.47,22.5,4.3,64.87,66.25,55.63,58.57
4128110900,경기도 고양시 덕양구 지축동,경기도,고양시,37.6539273570029,126.921322354072,40.83,32.67,50.58,33.24,56.47,17.33,8.3,35.76,34.95,39.43,37.45
4128111100,경기도 고양시 덕양구 삼송동,경기도,고양시,37.6507863862191,126.891595598802,46.5,66.0,46.42,53.34,47.72,21.0,7.5,46.74,48.68,46.72,47.26
4128111200,경기도 고양시 덕양구 동산동,경기도,고양시,37.6427193986965,126.898129191493,46.67,25.67,17.67,38.8,26.94,16.25,7.5,31.52,29.42,27.1,31.86
4128111600,경기도 고양시 덕양구 고양동,경기도,고양시,37.703360024722,126.903747900242,89.17,1.83,25.92,49.86,51.0,19.75,2.9,44.51,35.77,36.97,45.47
4128111800,경기도 고양시 덕양구 관산동,경기도,고양시,37.6879882033152,126.862553908166,91.92,3.33,16.08,45.32,17.0,19.75,2.7,41.72,32.87,30.57,37.15
4128112000,경기도 고양시 덕양구 토당동,경기도,고양시,37.6246576578671,126.818188559184,65.0,43.58,25.33,46.76,56.47,21.58,5.3,47.21,45.07,39.78,46.27
4128112300,경기도 고양시 덕양구 화정동,경기도,고양시,37.6389774935999,126.833789043216,75.67,61.33,89.42,74.86,74.67,21.92,4.4,61.88,60.45,69.36,66.38
4128112800,경기도 고양시 덕양구 행신동,경기도,고양시,37.6223556606644,126.836037177307,79.17,26.33,92.0,73.75,86.48,23.5,4.1,55.93,50.64,66.66,65.74
4128113100,경기도 고양시 덕양구 덕은동,경기도,고양시,37.5806237278262,126.856900757063,24.83,14.33,18.5,36.27,58.81,17.67,11.3,24.43,23.38,25.4,33.19
4128113200,경기도 고양시 덕양구 향동동,경기도,고양시,37.5999325614607,126.89319590984,49.83,14.0,62.25,44.54,56.47,20.33,7.2,35.99,32.41,43.63,41.92
4128510100,경기도 고양시 일산동구 식사동,경기도,고양시,37.6773400834298,126.813707127491,52.33,9.5,63.83,52.43,64.72,20.67,6.7,37.11,32.83,45.86,46.39
4128510200,경기도 고양시 일산동구 중산동,경기도,고양시,37.6918173956872,126.780441473585,79.5,20.0,46.42,55.8,75.81,20.83,4.1,49.68,43.73,47.93,54.06
4128510400,경기도 고양시 일산동구 장항동,경기도,고양시,37.6417251521376,126.770233007352,40.67,21.5,14.25,72.92,51.0,14.17,8.3,31.9,29.98,31.76,46.81
4128510500,경기도 고양시 일산동구 마두동,경기도,고양시,37.6557662385334,126.789654489141,61.83,60.17,97.17,62.91,58.81,18.67,5.7,54.3,54.14,65.57,56.73
4128510600,경기도 고양시 일산동구 백석동,경기도,고양시,37.6500444005322,126.792363029713,66.5,35.5,95.92,60.06,60.94,19.17,5.2,49.88,46.78,62.05,54.41
4128510700,경기도 고양시 일산동구 풍동,경기도,고양시,37.6713315306857,126.793718327241,78.67,45.33,58.83,56.54,60.94,17.17,4.1,54.16,50.83,53.4,53.83
4128510900,경기도 고양시 일산동구 사리현동,경기도,고양시,37.6970617224311,126.841560346253,97.0,2.17,8.75,16.62,0.0,15.83,2.0,38.93,29.44,22.37,23.4
4128511300,경기도 고양시 일산동구 성석동,경기도,고양시,37.7025554766226,126.795627607807,96.5,5.33,2.33,20.97,0.0,13.33,2.1,38.94,29.82,21.12,24.46
4128710100,경기도 고양시 일산서구 일산동,경기도,고양시,37.6871456348794,126.768555621104,80.33,55.08,92.92,66.29,47.72,23.67,4.0,59.35,56.83,66.45,58.5
4128710200,경기도 고양시 일산서구 주엽동,경기도,고양시,37.6700959284217,126.763299407637,74.0,94.83,99.5,65.71,56.47,22.17,4.6,67.95,70.03,74.0,63.18
4128710300,경기도 고양시 일산서구 탄현동,경기도,고양시,37.6943496272332,126.76845159422,81.83,45.58,71.5,60.34,62.9,21.58,3.8,57.23,53.61,59.14,57.34
4128710400,경기도 고양시 일산서구 대화동,경기도,고양시,37.6829848694341,126.755141409924,68.33,29.17,74.0,60.06,78.94,21.92,5.0,50.19,46.27,57.02,56.96
4128710500,경기도 고양시 일산서구 덕이동,경기도,고양시,37.6957282376738,126.738350133303,71.67,13.67,10.75,40.96,51.0,18.67,4.8,39.92,34.12,30.07,39.99
4128710600,경기도 고양시 일산서구 가좌동,경기도,고양시,37.6911246251365,126.72044790598,84.42,6.75,26.25,31.46,17.0,16.25,3.5,39.07,31.3,30.41,31.5
4129010300,경기도 과천시 갈현동,경기도,과천시,37.409788167445,126.982492149763,9.33,29.58,29.83,46.05,17.0,71.83,17.3,30.52,32.55,34.17,36.14
4129010700,경기도 과천시 중앙동,경기도,과천시,37.433150880627,126.993455678842,5.5,86.08,60.67,44.54,17.0,72.75,21.5,44.96,53.01,51.23,42.37
4129010800,경기도 과천시 원문동,경기도,과천시,37.4216574009588,126.991789216938,8.67,53.92,63.0,38.8,26.94,71.83,17.5,38.66,43.19,47.58,39.58
4129010900,경기도 과천시 별양동,경기도,과천시,37.4242344328093,126.993763748511,6.83,66.83,67.83,61.16,26.94,71.83,19.1,42.61,48.61,54.04,48.67
4129011000,경기도 과천시 부림동,경기도,과천시,37.4334610032566,126.99861248972,7.83,92.17,56.58,27.1,0.0,72.75,18.0,44.52,52.95,46.95,33.62
4131010100,경기도 구리시 갈매동,경기도,구리시,37.6348963795758,127.116243895002,54.67,96.25,43.42,54.62,58.81,64.0,6.5,66.78,70.94,59.34,60.48
4131010300,경기도 구리시 인창동,경기도,구리시,37.6044843983227,127.13492316761,56.58,54.83,83.0,74.42,74.67,61.0,6.2,61.05,60.87,69.39,68.25
4131010400,경기도 구리시 교문동,경기도,구리시,37.60115508883,127.127773819015,47.08,26.17,29.25,52.89,62.9,63.17,7.4,46.05,43.96,43.46,51.71
4131010500,경기도 구리시 수택동,경기도,구리시,37.5965169131566,127.149171916297,56.0,34.0,65.83,74.64,58.81,60.33,6.2,53.07,50.87,59.38,62.03
4131010700,경기도 구리시 토평동,경기도,구리시,37.5825944751506,127.152241676825,42.83,21.0,11.67,36.27,51.0,58.83,8.0,39.5,37.32,32.44,40.83
4136010100,경기도 남양주시 호평동,경기도,남양주시,37.6548880029093,127.248669169781,74.83,68.25,73.0,66.66,60.94,42.33,4.5,64.8,64.14,65.8,63.57
4136010200,경기도 남양주시 평내동,경기도,남양주시,37.6483691097275,127.23609678062,81.42,33.67,70.5,55.42,53.89,44.5,3.9,57.5,52.72,58.79,55.95
4136010300,경기도 남양주시 금곡동,경기도,남양주시,37.6331014031361,127.201934340405,94.0,41.83,14.83,46.76,26.94,41.5,2.5,57.43,52.21,40.76,47.0
4136011100,경기도 남양주시 별내동,경기도,남양주시,37.6462466000952,127.121972451813,50.67,47.0,44.42,67.02,70.89,38.08,7.1,49.76,49.39,50.83,57.87
4136011200,경기도 남양주시 다산동,경기도,남양주시,37.6134456831669,127.159444527968,44.33,56.17,81.75,79.21,89.21,39.5,7.8,54.43,55.61,66.33,67.84
4136025021,경기도 남양주시 와부읍 덕소리,경기도,남양주시,37.5956028555422,127.217844244697,71.0,23.83,32.5,0.0,43.94,36.83,4.8,44.19,39.48,33.89,28.97
4136025022,경기도 남양주시 와부읍 도곡리,경기도,남양주시,37.5858251066556,127.238457853842,67.67,18.5,2.33,0.0,26.94,31.58,5.1,37.44,32.52,21.06,22.24
4136025321,경기도 남양주시 진접읍 장현리,경기도,남양주시,37.7274201756793,127.171821508615,93.33,7.33,5.92,0.0,43.94,33.42,2.6,45.87,37.27,26.28,28.83
4136025322,경기도 남양주시 진접읍 내각리,경기도,남양주시,37.7088178315588,127.158292301534,95.67,6.5,8.75,0.0,0.0,33.92,2.2,42.33,33.41,23.04,20.53
4136025324,경기도 남양주시 진접읍 연평리,경기도,남양주시,37.6995874472016,127.179014337231,78.33,22.5,5.92,0.0,17.0,31.58,4.2,41.35,35.77,23.34,22.43
4136025325,경기도 남양주시 진접읍 부평리,경기도,남양주시,37.7437846546026,127.177178307222,83.0,4.83,2.33,0.0,26.94,31.58,3.7,39.38,31.57,21.3,23.17
4136025326,경기도 남양주시 진접읍 팔야리,경기도,남양주시,37.7472808477803,127.232866023687,99.67,3.5,2.33,0.0,26.94,33.42,0.8,45.25,35.64,23.88,25.82
4136025327,경기도 남양주시 진접읍 진벌리,경기도,남양주시,37.7335299977935,127.230259125334,94.42,7.5,2.33,0.0,0.0,33.92,2.5,41.82,33.13,21.08,20.12
4136025328,경기도 남양주시 진접읍 금곡리,경기도,남양주시,37.719589241503,127.217476366625,75.33,23.42,2.33,0.0,68.0,31.58,4.5,45.45,40.26,27.05,32.1
4136025621,경기도 남양주시 화도읍 마석우리,경기도,남양주시,37.6578377906244,127.31028424473,85.33,47.42,47.17,0.0,43.94,35.75,3.4,55.62,51.83,43.82,34.05
4136025622,경기도 남양주시 화도읍 묵현리,경기도,남양주시,37.6637305223098,127.287391997952,89.33,55.42,2.33,0.0,47.72,34.75,2.9,56.96,53.57,32.4,33.81
4136025623,경기도 남양주시 화도읍 가곡리,경기도,남양주시,37.6861219184349,127.294561809992,93.17,5.5,8.08,0.0,0.0,33.42,2.6,41.07,32.31,22.24,19.94
4136025626,경기도 남양주시 화도읍 답내리,경기도,남양주시,37.665175264791,127.350219276503,78.5,5.17,5.92,0.0,0.0,32.67,4.2,35.6,28.26,19.23,17.49
4136025627,경기도 남양주시 화도읍 월산리,경기도,남양주시,37.6562348432557,127.335027907036,83.33,12.83,14.25,0.0,39.47,35.75,3.6,44.18,37.13,28.01,27.75
4136025628,경기도 남양주시 화도읍 창현리,경기도,남양주시,37.6366278249721,127.316051156692,91.08,15.25,5.92,0.0,58.81,32.67,2.7,48.4,40.82,28.51,32.15
4136025629,경기도 남양주시 화도읍 녹촌리,경기도,남양주시,37.6439269476478,127.279914463979,82.0,16.42,2.33,0.0,39.47,32.67,3.8,43.4,36.84,24.31,26.85
4136025630,경기도 남양주시 화도읍 차산리,경기도,남양주시,37.626154147213,127.301144461242,85.0,5.67,2.33,0.0,17.0,33.42,3.4,39.67,31.74,21.01,21.85
4136025921,경기도 남양주시 진건읍 사능리,경기도,남양주시,37.6524677689812,127.191833275028,99.33,21.67,5.92,0.0,34.0,35.0,1.1,50.88,43.11,28.58,29.41
4136025923,경기도 남양주시 진건읍 진관리,경기도,남양주시,37.6506523362246,127.162397774117,84.0,23.0,2.33,0.0,17.0,34.75,3.5,43.92,37.82,23.66,23.63
4136025924,경기도 남양주시 진건읍 신월리,경기도,남양주시,37.6665443158143,127.158066470485,91.08,10.17,2.33,0.0,0.0,31.58,2.7,40.85,32.76,20.62,19.53
4136025925,경기도 남양주시 진건읍 용정리,경기도,남양주시,37.6743988826781,127.184258756023,96.17,7.83,2.33,0.0,17.0,31.58,2.2,43.75,34.92,22.74,23.46
4136026221,경기도 남양주시 오남읍 양지리,경기도,남양주시,37.7015351370635,127.200427983834,86.0,34.75,26.75,0.0,34.0,38.42,3.3,51.21,46.08,35.3,30.28
4136026223,경기도 남양주시 오남읍 오남리,경기도,남양주시,37.6905929717371,127.213173990226,95.33,8.67,16.75,0.0,43.94,38.08,2.3,48.38,39.71,30.73,30.5
4136026521,경기도 남양주시 퇴계원읍 퇴계원리,경기도,남양주시,37.652988333035,127.142363153591,75.17,57.25,20.17,0.0,39.47,43.67,4.5,54.31,52.52,36.41,32.45
4136031021,경기도 남양주시 별내면 청학리,경기도,남양주시,37.7078114126386,127.111930372645,92.25,4.5,21.67,0.0,51.0,38.42,2.7,47.28,38.51,31.88,31.33
4139010100,경기도 시흥시 대야동,경기도,시흥시,37.4430460656539,126.788538285881,70.17,63.25,72.5,61.42,70.89,34.5,4.9,61.06,60.36,63.24,61.33
4139010200,경기도 시흥시 신천동,경기도,시흥시,37.4355555341516,126.781870213243,90.17,51.33,30.58,64.69,72.21,29.17,2.8,62.21,58.33,51.7,61.65
4139010400,경기도 시흥시 포동,경기도,시흥시,37.404265658099,126.778333146105,96.0,29.83,9.67,16.62,0.0,26.42,2.2,47.66,41.04,28.23,27.65
4139010500,경기도 시흥시 미산동,경기도,시흥시,37.4175236236054,126.789387267116,92.83,32.0,2.33,0.0,26.94,27.75,2.7,48.85,42.77,26.28,26.79
4139010600,경기도 시흥시 은행동,경기도,시흥시,37.4363339032197,126.798035072094,72.17,28.67,93.67,61.42,56.47,29.33,4.7,51.69,47.34,62.49,55.57
4139010800,경기도 시흥시 매화동,경기도,시흥시,37.4179850408623,126.815313932331,97.5,8.17,12.08,31.46,39.47,28.67,1.8,48.03,39.09,32.44,39.25
4139010900,경기도 시흥시 도창동,경기도,시흥시,37.4056163226181,126.820291394749,90.42,7.17,9.42,0.0,0.0,26.42,2.8,39.19,30.87,21.43,18.71
4139011800,경기도 시흥시 능곡동,경기도,시흥시,37.3663067850594,126.815779338256,62.33,40.25,35.17,54.21,60.94,28.67,5.6,48.18,45.97,44.46,50.6
4139011900,경기도 시흥시 하중동,경기도,시흥시,37.3988633185815,126.800701603603,92.58,17.83,12.58,20.97,39.47,26.42,2.7,47.77,40.29,31.39,35.5
4139012000,경기도 시흥시 하상동,경기도,시흥시,37.3921463062607,126.81460943692,91.5,20.33,21.08,20.97,39.47,26.42,2.7,48.44,41.32,34.15,36.01
4139012100,경기도 시흥시 광석동,경기도,시흥시,37.381058627451,126.815955530896,60.92,34.75,8.75,10.49,17.0,26.42,5.8,37.96,35.34,24.21,24.08
4139012300,경기도 시흥시 산현동,경기도,시흥시,37.3701104016764,126.833675061104,67.42,11.17,10.08,16.62,47.72,27.75,5.1,38.05,32.42,26.24,31.26
4139012400,경기도 시흥시 조남동,경기도,시흥시,37.3722195349399,126.862287640995,65.83,2.5,32.0,40.96,51.0,26.42,5.3,37.7,31.36,35.06,40.22
4139012500,경기도 시흥시 논곡동,경기도,시흥시,37.3963848037695,126.856090813911,80.92,5.0,5.92,16.62,0.0,28.67,3.9,36.43,28.84,21.46,23.05
4139012600,경기도 시흥시 목감동,경기도,시흥시,37.3918239301918,126.870188284126,61.33,6.33,5.92,41.94,34.0,26.42,5.8,34.12,28.62,25.58,35.57
4139012700,경기도 시흥시 거모동,경기도,시흥시,37.3567018199005,126.774174854649,97.67,11.0,5.92,47.43,60.94,26.42,1.8,50.98,42.31,35.25,48.8
4139012800,경기도 시흥시 군자동,경기도,시흥시,37.3608267437724,126.794968580783,54.42,18.17,5.92,0.0,17.0,26.42,6.5,30.87,27.24,18.33,17.64
4139012900,경기도 시흥시 장현동,경기도,시흥시,37.3780041323759,126.799320647562,69.83,43.25,58.83,24.35,47.72,27.75,4.9,49.73,47.08,47.2,39.97
4139013000,경기도 시흥시 장곡동,경기도,시흥시,37.3774477193997,126.788194197371,80.17,17.67,72.17,57.58,58.81,27.75,4.0,50.4,44.15,55.01,53.48
4139013100,경기도 시흥시 월곶동,경기도,시흥시,37.3888935036861,126.74239234901,95.83,77.67,23.33,40.96,43.94,27.75,2.2,66.12,64.3,47.72,50.59
4139013200,경기도 시흥시 정왕동,경기도,시흥시,37.3472707997811,126.722129562609,91.92,14.5,19.33,78.47,100.0,26.42,2.7,55.97,48.23,47.5,67.63
4139013300,경기도 시흥시 죽율동,경기도,시흥시,37.3505272645677,126.762757890763,82.67,18.83,10.08,10.49,34.0,27.75,3.7,43.62,37.24,27.38,29.42
4139013500,경기도 시흥시 배곧동,경기도,시흥시,37.3688324297178,126.724484015126,66.17,19.67,84.17,56.18,74.67,37.33,5.2,50.03,45.38,59.62,56.3
4141010100,경기도 군포시 당동,경기도,군포시,37.3484980211549,126.941302738524,75.83,36.83,57.33,61.68,77.94,74.58,4.4,64.41,60.51,62.33,66.29
4141010200,경기도 군포시 당정동,경기도,군포시,37.3598932179133,126.955516624113,74.67,33.25,28.5,41.94,68.0,55.17,4.5,55.8,51.66,46.1,52.5
4141010300,경기도 군포시 부곡동,경기도,군포시,37.3301202778153,126.933856423225,64.67,19.17,16.75,38.8,60.94,54.17,5.4,47.13,42.58,37.64,46.35
4141010400,경기도 군포시 산본동,경기도,군포시,37.3733541681044,126.93856024766,66.33,62.92,42.5,81.59,89.85,84.83,5.2,71.1,70.76,66.09,77.62
4141010500,경기도 군포시 금정동,경기도,군포시,37.365396718072,126.939356947385,79.33,37.42,82.5,50.41,77.94,82.5,4.1,68.06,63.87,69.99,65.37
4141010800,경기도 군포시 대야미동,경기도,군포시,37.3291267066197,126.918408202119,72.67,96.75,11.83,24.35,47.72,64.5,4.7,69.1,71.51,47.06,48.91
4141010900,경기도 군포시 도마교동,경기도,군포시,37.3120385992332,126.922411031505,67.17,17.17,21.67,24.35,47.72,55.5,5.1,45.98,40.98,35.9,39.27
4143010100,경기도 의왕시 고천동,경기도,의왕시,37.3448538171113,126.968513026736,66.83,15.5,17.67,27.1,0.0,72.5,5.2,44.0,38.87,32.59,32.82
4143010300,경기도 의왕시 삼동,경기도,의왕시,37.3237511642837,126.955704917536,76.0,40.25,29.25,52.43,47.72,87.33,4.4,62.98,59.41,51.95,57.88
4143010400,경기도 의왕시 왕곡동,경기도,의왕시,37.3458094660335,126.997395238127,73.17,3.0,2.33,31.46,34.0,75.0,4.6,46.45,39.43,31.49,40.45
4143010500,경기도 의왕시 오전동,경기도,의왕시,37.3535981802237,126.971579428472,67.0,13.33,29.83,53.78,47.72,89.0,5.2,53.54,48.17,47.19,54.59
4143010600,경기도 의왕시 학의동,경기도,의왕시,37.3712251615184,127.011131548472,43.92,2.67,13.58,29.44,60.94,86.75,7.9,41.63,37.51,34.58,43.04
4143010700,경기도 의왕시 내손동,경기도,의왕시,37.3782619969625,126.975693472476,41.67,13.17,51.58,60.06,64.72,86.75,8.1,47.28,44.43,52.19,57.12
4143010800,경기도 의왕시 청계동,경기도,의왕시,37.4000497874321,127.018485897202,39.17,4.17,5.92,29.44,51.0,69.67,8.6,35.55,32.05,28.24,37.54
4143010900,경기도 의왕시 포일동,경기도,의왕시,37.3965908527996,126.98961006605,34.67,22.67,36.33,48.69,58.81,84.17,9.1,44.77,43.57,45.31,50.71
4145010300,경기도 하남시 창우동,경기도,하남시,37.5336380827133,127.233747886717,53.33,27.0,15.58,31.46,43.94,50.0,6.7,42.16,39.53,33.34,38.78
4145010600,경기도 하남시 신장동,경기도,하남시,37.5387902964051,127.209586513271,51.33,69.83,62.67,68.89,66.41,80.08,7.0,64.66,66.51,65.96,67.22
4145010800,경기도 하남시 덕풍동,경기도,하남시,37.5335585195013,127.200579497659,51.83,28.25,21.67,67.02,79.9,65.83,6.8,50.79,48.44,46.43,60.99
4145010900,경기도 하남시 망월동,경기도,하남시,37.5680994614325,127.189475097868,32.17,46.75,96.5,78.55,58.81,51.5,9.6,47.88,49.34,66.18,61.3
4145011000,경기도 하남시 풍산동,경기도,하남시,37.549023322979,127.185090374889,29.25,24.17,78.58,50.94,53.89,53.5,10.1,38.85,38.34,52.64,47.37
4145011200,경기도 하남시 선동,경기도,하남시,37.5862418523927,127.184933407624,26.83,12.67,7.58,10.49,47.72,50.0,10.8,28.23,26.82,22.04,26.39
4145011400,경기도 하남시 감일동,경기도,하남시,37.5082861885184,127.147467026542,29.67,19.83,53.0,33.24,34.0,50.67,10.0,33.19,32.2,39.31,35.12
4145011500,경기도 하남시 감이동,경기도,하남시,37.4938628800766,127.166467808806,25.0,24.92,13.08,51.95,39.47,51.5,11.2,32.48,32.47,30.88,40.7
4145011600,경기도 하남시 학암동,경기도,하남시,37.4785745414959,127.166501723578,15.67,11.67,2.33,46.76,34.0,50.0,14.0,24.26,23.86,22.71,34.3
4146110100,경기도 용인시 처인구 김량장동,경기도,용인시,37.2352782190012,127.201914173892,94.83,73.67,38.75,70.83,56.47,15.33,2.4,65.8,63.68,55.47,61.91
4146110200,경기도 용인시 처인구 역북동,경기도,용인시,37.2462035848033,127.188111660691,74.17,33.0,14.25,53.78,75.81,13.83,4.5,47.96,43.84,38.07,51.2
4146110300,경기도 용인시 처인구 삼가동,경기도,용인시,37.2383199063402,127.162216750898,82.5,44.33,15.33,29.44,39.47,9.58,3.8,48.06,44.24,33.42,37.21
4146110400,경기도 용인시 처인구 남동,경기도,용인시,37.220879797532,127.20174058203,90.83,14.92,2.33,16.62,0.0,13.83,2.7,39.23,31.64,21.13,23.12
4146110500,경기도 용인시 처인구 유방동,경기도,용인시,37.2576019329044,127.20432746298,91.5,23.42,10.75,24.35,26.94,9.58,2.7,44.24,37.44,28.25,31.95
4146110600,경기도 용인시 처인구 고림동,경기도,용인시,37.2479057581576,127.226640714475,84.83,26.0,26.75,34.83,43.94,9.58,3.5,45.58,39.7,35.7,39.08
4146110700,경기도 용인시 처인구 마평동,경기도,용인시,37.230247978576,127.232690887549,93.0,10.67,5.92,33.24,34.0,9.58,2.7,42.49,34.26,27.15,35.18
4146110800,경기도 용인시 처인구 운학동,경기도,용인시,37.2141388634875,127.235530040947,99.17,4.33,2.33,0.0,0.0,9.58,1.2,37.82,28.34,17.66,16.86
4146125021,경기도 용인시 처인구 포곡읍 삼계리,경기도,용인시,37.2883863552564,127.238318936523,96.67,16.83,5.92,0.0,0.0,9.58,2.0,40.25,32.27,20.24,17.92
4146125023,경기도 용인시 처인구 포곡읍 둔전리,경기도,용인시,37.272033420337,127.224016097672,94.42,28.5,31.08,0.0,0.0,9.58,2.5,43.64,37.05,29.2,20.0
4146125024,경기도 용인시 처인구 포곡읍 영문리,경기도,용인시,37.2751141639989,127.208681916424,89.83,30.58,14.83,0.0,0.0,9.58,2.9,41.74,35.82,23.95,18.71
4146125027,경기도 용인시 처인구 포곡읍 전대리,경기도,용인시,37.286388282377,127.212547190105,98.5,47.42,12.08,0.0,0.0,9.58,1.4,48.85,43.74,26.95,21.56
4146125321,경기도 용인시 처인구 모현읍 왕산리,경기도,용인시,37.3389039217439,127.266085436176,79.0,2.33,5.92,0.0,0.0,9.58,4.1,30.44,22.78,15.41,13.82
4146125323,경기도 용인시 처인구 모현읍 초부리,경기도,용인시,37.3075054873311,127.254302171019,100.0,3.83,2.33,0.0,0.0,9.58,0.6,37.99,28.37,17.71,16.94
4146125324,경기도 용인시 처인구 모현읍 일산리,경기도,용인시,37.3460656843984,127.240658957311,89.5,1.5,7.58,0.0,0.0,9.58,2.9,33.99,25.2,17.36,15.39
4146125621,경기도 용인시 처인구 이동읍 송전리,경기도,용인시,37.1368550979294,127.209841217252,85.83,0.33,11.5,0.0,0.0,9.58,3.3,32.61,24.06,17.81,14.92
4146125628,경기도 용인시 처인구 이동읍 천리,경기도,용인시,37.1995155361926,127.20923957847,93.5,3.17,12.58,0.0,0.0,9.58,2.6,36.06,27.03,19.71,16.41
4146125930,경기도 용인시 처인구 남사읍 아곡리,경기도,용인시,37.1450460422153,127.167784855987,83.67,0.67,25.33,0.0,0.0,12.75,3.6,33.27,24.97,22.16,15.8
4146125931,경기도 용인시 처인구 남사읍 완장리,경기도,용인시,37.1741643496251,127.175425086017,82.83,1.17,2.33,0.0,0.0,9.58,3.7,31.32,23.15,14.74,14.1
4146126221,경기도 용인시 처인구 양지읍 양지리,경기도,용인시,37.2402880949672,127.279843931779,90.42,1.67,18.17,0.0,0.0,12.75,2.8,35.52,26.65,21.18,16.55
4146126222,경기도 용인시 처인구 양지읍 남곡리,경기도,용인시,37.2157274151759,127.289590966327,70.83,1.0,2.33,0.0,0.0,9.58,4.9,27.07,20.09,12.91,12.28
4146134023,경기도 용인시 처인구 원삼면 좌항리,경기도,용인시,37.2061499249076,127.318144742819,97.33,0.5,7.58,0.0,0.0,9.58,1.9,36.49,26.8,18.39,16.47
4146135030,경기도 용인시 처인구 백암면 근창리,경기도,용인시,37.1619291997797,127.361168854758,98.83,0.17,10.08,0.0,0.0,9.58,1.2,37.05,27.19,19.31,16.78
4146310100,경기도 용인시 기흥구 신갈동,경기도,용인시,37.272546586554,127.107034404588,64.83,36.0,45.17,57.58,73.47,13.83,5.3,46.94,44.06,46.73,52.5
4146310200,경기도 용인시 기흥구 구갈동,경기도,용인시,37.27242888979,127.127604033598,48.33,83.0,38.42,61.68,69.48,12.75,7.3,52.17,55.64,49.34,54.87
4146310300,경기도 용인시 기흥구 상갈동,경기도,용인시,37.2665738857821,127.107697878295,76.83,56.58,25.33,37.59,56.47,12.75,4.3,52.38,50.35,40.81,44.81
4146310400,경기도 용인시 기흥구 하갈동,경기도,용인시,37.2526600728182,127.092690974644,80.92,20.17,8.75,16.62,0.0,9.58,3.9,36.55,30.47,21.72,21.85
4146310500,경기도 용인시 기흥구 보라동,경기도,용인시,37.2512518337191,127.108492135134,76.58,25.83,46.42,53.34,51.0,12.75,4.3,45.9,40.82,44.3,47.17
4146310600,경기도 용인시 기흥구 지곡동,경기도,용인시,37.2375186465528,127.140545804753,86.42,9.0,5.92,0.0,0.0,9.58,3.3,34.71,26.97,17.53,15.6
4146310700,경기도 용인시 기흥구 공세동,경기도,용인시,37.2394247066472,127.11045868633,76.17,9.17,19.83,36.27,47.72,9.58,4.4,38.44,31.74,30.4,37.01
4146310800,경기도 용인시 기흥구 고매동,경기도,용인시,37.224542312156,127.099034069243,89.0,4.0,5.92,16.62,0.0,9.58,3.0,35.19,26.69,19.66,21.3
4146311000,경기도 용인시 기흥구 서천동,경기도,용인시,37.2430149989299,127.072437437369,59.5,31.67,65.83,43.72,60.94,15.58,5.9,43.43,40.65,48.41,45.21
4146311100,경기도 용인시 기흥구 영덕동,경기도,용인시,37.2778227962424,127.074495882949,60.67,13.0,61.17,60.62,64.72,14.67,5.8,39.98,35.21,47.17,49.82
4146311200,경기도 용인시 기흥구 언남동,경기도,용인시,37.293965840568,127.128966698627,61.17,15.25,32.17,52.89,34.0,9.58,5.8,34.79,30.2,33.88,39.06
4146311300,경기도 용인시 기흥구 마북동,경기도,용인시,37.30151412293,127.117425207334,53.67,28.0,61.17,56.54,51.0,9.58,6.6,38.69,36.12,45.62,45.34
4146311400,경기도 용인시 기흥구 청덕동,경기도,용인시,37.299491082895,127.150279648979,77.83,7.67,25.92,34.83,58.81,9.58,4.2,39.99,32.98,33.14,39.13
4146311500,경기도 용인시 기흥구 동백동,경기도,용인시,37.2869057949406,127.160945196776,69.0,13.5,57.67,46.05,62.9,9.58,5.0,40.92,35.37,44.31,44.72
4146311600,경기도 용인시 기흥구 중동,경기도,용인시,37.2682933144575,127.158731907203,64.5,56.17,40.58,64.27,79.9,9.58,5.4,51.77,50.93,49.34,57.23
4146311700,경기도 용인시 기흥구 상하동,경기도,용인시,37.2705605523121,127.13845601465,82.33,92.17,30.58,40.96,43.94,9.58,3.8,61.74,62.73,47.32,47.66
4146311800,경기도 용인시 기흥구 보정동,경기도,용인시,37.3201877760016,127.113094904481,37.83,42.75,83.33,65.31,64.72,12.75,8.8,40.38,40.87,55.27,51.83
4146510100,경기도 용인시 수지구 풍덕천동,경기도,용인시,37.3279850450601,127.094949785208,41.92,49.58,97.0,73.04,80.83,17.0,8.1,47.05,47.82,64.41,60.38
4146510200,경기도 용인시 수지구 죽전동,경기도,용인시,37.3311110877471,127.113932721957,53.0,32.33,85.83,65.9,79.9,17.5,6.7,45.71,43.64,59.05,57.14
4146510300,경기도 용인시 수지구 동천동,경기도,용인시,37.341861019263,127.099224030122,34.83,57.83,59.67,60.62,53.89,18.33,9.1,41.72,44.02,49.03,48.74
4146510500,경기도 용인시 수지구 신봉동,경기도,용인시,37.3206447379732,127.083667546737,49.33,37.67,95.33,55.8,68.0,17.83,7.2,44.61,43.44,59.49,51.74
4146510600,경기도 용인시 수지구 성복동,경기도,용인시,37.3164877954823,127.069042233375,28.67,28.25,53.0,66.47,64.72,15.58,10.2,32.66,32.62,43.22,48.32
4146510700,경기도 용인시 수지구 상현동,경기도,용인시,37.3045648642737,127.081096021137,43.33,29.33,87.75,70.83,68.0,16.67,8.0,40.56,39.16,57.15,54.71
4157010100,경기도 김포시 북변동,경기도,김포시,37.6260658189391,126.711094661538,86.83,39.33,67.83,46.05,51.0,43.33,3.2,59.68,54.93,57.78,53.17
4157010200,경기도 김포시 걸포동,경기도,김포시,37.6402139680068,126.719691582135,57.67,18.33,2.33,43.72,47.72,30.25,6.1,37.89,33.96,27.97,39.98
4157010300,경기도 김포시 운양동,경기도,김포시,37.6513367527862,126.683097821946,72.42,82.33,88.83,56.18,76.9,36.58,4.7,68.19,69.18,71.47,64.07
4157010400,경기도 김포시 장기동,경기도,김포시,37.6397252396071,126.671359353779,72.92,59.0,92.33,69.81,83.41,42.17,4.7,65.15,63.76,72.62,68.9
4157010500,경기도 김포시 감정동,경기도,김포시,37.628540602552,126.68937539428,87.17,19.33,15.83,47.43,43.94,30.92,3.1,49.08,42.3,36.87,45.83
4157010600,경기도 김포시 사우동,경기도,김포시,37.6193581588085,126.716738801056,80.67,83.0,76.58,61.68,53.89,44.0,3.9,70.09,70.32,68.77,63.2
4157010700,경기도 김포시 풍무동,경기도,김포시,37.6021655287892,126.722040391363,71.33,21.33,75.25,66.1,66.41,38.67,4.8,51.74,46.74,58.83,58.81
4157010800,경기도 김포시 마산동,경기도,김포시,37.6404503702467,126.640710327775,79.67,83.0,48.67,38.8,68.0,42.0,4.0,68.21,68.54,57.92,56.16
4157010900,경기도 김포시 구래동,경기도,김포시,37.646477085747,126.623680156555,77.25,65.25,84.0,60.06,43.94,38.83,4.3,62.71,61.51,65.8,57.95
4157025021,경기도 김포시 통진읍 도사리,경기도,김포시,37.6838411568681,126.616594189181,94.67,2.83,7.58,0.0,0.0,30.92,2.4,40.4,31.22,21.54,19.5
4157025022,경기도 김포시 통진읍 마송리,경기도,김포시,37.6870668626193,126.595095787062,88.5,2.0,22.25,0.0,26.94,36.58,3.0,42.6,33.95,28.43,25.46
4157025023,경기도 김포시 통진읍 서암리,경기도,김포시,37.7003639874985,126.59790364477,98.17,1.33,12.33,0.0,26.94,33.0,1.6,44.6,34.92,26.27,25.81
4157025321,경기도 김포시 고촌읍 향산리,경기도,김포시,37.6290373672567,126.744742256984,62.0,12.33,8.75,0.0,47.72,30.25,5.6,36.04,31.08,23.08,25.05
4157025323,경기도 김포시 고촌읍 태리,경기도,김포시,37.5934292300248,126.744216252057,60.42,10.33,10.08,0.0,17.0,30.5,5.9,32.03,27.02,19.91,18.58
4157025324,경기도 김포시 고촌읍 신곡리,경기도,김포시,37.6012926180796,126.774017410323,59.92,79.42,24.67,0.0,73.47,37.83,5.9,56.97,58.92,41.32,38.53
4157025621,경기도 김포시 양촌읍 양곡리,경기도,김포시,37.6552607224234,126.625095444617,86.67,26.5,52.33,0.0,43.94,41.17,3.3,52.2,46.19,43.24,33.23
4157025626,경기도 김포시 양촌읍 학운리,경기도,김포시,37.6029624541033,126.596177180519,92.25,6.75,5.92,0.0,74.67,36.0,2.7,48.94,40.39,29.49,35.14
4157036021,경기도 김포시 하성면 마곡리,경기도,김포시,37.7170835120349,126.638312648192,95.17,0.83,9.42,0.0,0.0,30.67,2.3,40.12,30.69,21.83,19.43